URL,Title,Source_Domain,Category_Guess,Publish_Date,Score,RepFlag,SigFlag,Quality2,Quality4,Status
https://unit42.paloaltonetworks.com/erlang-otp-cve-2025-32433/,Keys to the Kingdom: Erlang/OTP SSH Vulnerability Analysis and Exploits Observed in the Wild,unit42.paloaltonetworks.com,SSH & Credential Abuse,2025-08-11T10:00:48+00:00,0.8653,1,1,2,2,Selected
https://www.cisa.gov/news-events/alerts/2025/09/04/cisa-adds-three-known-exploited-vulnerabilities-catalog,CISA Adds Three Known Exploited Vulnerabilities to Catalog,www.cisa.gov,SSH & Credential Abuse,2025-09-04T12:00:00+00:00,0.7166,1,1,2,2,Selected
https://www.cisa.gov/news-events/alerts/2025/09/03/cisa-adds-two-known-exploited-vulnerabilities-catalog,CISA Adds Two Known Exploited Vulnerabilities to Catalog,www.cisa.gov,SSH & Credential Abuse,2025-09-03T12:00:00+00:00,0.7165,1,1,2,2,Selected
https://www.cisa.gov/news-events/alerts/2025/09/02/cisa-adds-two-known-exploited-vulnerabilities-catalog,CISA Adds Two Known Exploited Vulnerabilities to Catalog,www.cisa.gov,SSH & Credential Abuse,2025-09-02T12:00:00+00:00,0.7165,1,1,2,2,Selected
https://www.cisa.gov/news-events/alerts/2025/08/29/cisa-adds-one-known-exploited-vulnerability-catalog,CISA Adds One Known Exploited Vulnerability to Catalog,www.cisa.gov,SSH & Credential Abuse,2025-08-29T12:00:00+00:00,0.7164,1,1,2,2,Selected
https://unit42.paloaltonetworks.com/attackers-sell-your-bandwidth-using-sdks/,"Your Connection, Their Cash: Threat Actors Misuse SDKs to Sell Your Bandwidth",unit42.paloaltonetworks.com,SSH & Credential Abuse,2025-08-21T10:00:32+00:00,0.6989,1,1,2,2,Selected
https://ubuntu.com/security/notices/USN-7734-1,USN-7734-1: Ruby vulnerabilities,ubuntu.com,SSH & Credential Abuse,2025-09-03T12:40:42+00:00,0.6975,1,1,2,3,Selected
https://ubuntu.com/security/notices/USN-7735-1,USN-7735-1: RubyGems vulnerabilities,ubuntu.com,SSH & Credential Abuse,2025-09-03T12:43:45+00:00,0.6975,1,1,2,3,Selected
https://www.huntress.com/blog/exploitation-of-sonicwall-vpn,Active Exploitation of SonicWall VPNs,www.huntress.com,SSH & Credential Abuse,2025-08-13T22:00:00+00:00,0.6787,1,1,2,2,Selected
https://ubuntu.com/security/notices/USN-7741-1,USN-7741-1: PostgreSQL vulnerabilities,ubuntu.com,SSH & Credential Abuse,2025-09-08T14:23:51+00:00,0.6642,1,1,2,2,Selected
https://ubuntu.com/security/notices/USN-7731-1,USN-7731-1: KMail vulnerabilities,ubuntu.com,SSH & Credential Abuse,2025-09-02T19:13:09+00:00,0.6641,1,1,2,2,Selected
https://ubuntu.com/security/notices/USN-7725-3,USN-7725-3: Linux kernel vulnerabilities,ubuntu.com,SSH & Credential Abuse,2025-09-02T18:45:34+00:00,0.6641,1,1,2,2,Selected
https://ubuntu.com/security/notices/USN-7629-2,USN-7629-2: Protocol Buffers vulnerabilities,ubuntu.com,SSH & Credential Abuse,2025-09-02T22:03:54+00:00,0.6641,1,1,2,2,Selected
https://ubuntu.com/security/notices/USN-7648-3,USN-7648-3: PHP regression,ubuntu.com,SSH & Credential Abuse,2025-09-04T07:44:55+00:00,0.6641,1,1,2,2,Selected
https://www.microsoft.com/en-us/security/blog/2025/08/26/securing-and-governing-the-rise-of-autonomous-agents/,Securing and governing the rise of autonomous agents​​,www.microsoft.com,SSH & Credential Abuse,2025-08-26T16:00:00+00:00,0.6481,1,1,2,2,Selected
https://blog.qualys.com/category/product-tech/vulnmgmt-detection-response,CVE-2025-8088 WinRAR Exploit: From Zero-Day to Zero-Risk with TruRisk™ Eliminate,blog.qualys.com,SSH & Credential Abuse,2025-09-05T11:50:39+00:00,0.6467,1,1,2,2,Selected
https://securelist.com/pipemagic/117270/,Evolution of the PipeMagic backdoor: from the RansomExx incident to CVE-2025-29824,securelist.com,SSH & Credential Abuse,2025-08-18T09:00:10+00:00,0.6463,1,1,2,2,Selected
https://www.huntress.com/blog/everything-we-know-about-cve-2023-23397,Everything We Know About CVE-2023-23397 | Huntress,www.huntress.com,SSH & Credential Abuse,2023-03-17T00:00:00+00:00,0.6443,1,1,2,3,Selected
https://www.crowdstrike.com/en-us/blog/next-gen-identity-security-unifies-protection-across-all-identities-domains/,Falcon Next-Gen Identity Security Unifies Protection Across All Identities and Domains,www.crowdstrike.com,SSH & Credential Abuse,2025-08-14T00:00:00-05:00,0.6409,1,1,2,2,Selected
https://www.bleepingcomputer.com/news/microsoft/microsoft-anti-spam-bug-blocks-links-in-exchange-online-teams/,"Microsoft: Anti-spam bug blocks links in Exchange Online, Teams",www.bleepingcomputer.com,SSH & Credential Abuse,2025-09-09T09:40:58-04:00,0.6283,1,1,2,2,Selected
https://www.huntress.com/blog/wing-ftp-server-remote-code-execution-cve-2025-47812-exploited-in-wild,Wing FTP Server Remote Code Execution (CVE-2025-47812) Exploited in the Wild,www.huntress.com,SSH & Credential Abuse,2025-07-10T05:00:00+00:00,0.628,1,1,2,2,Selected
https://www.huntress.com/blog/do-tigers-really-change-their-stripes,Do Tigers Really Change Their Stripes?,www.huntress.com,SSH & Credential Abuse,2025-05-06T05:00:00+00:00,0.6266,1,1,2,2,Selected
https://www.huntress.com/blog/cve-2025-30406-critical-gladinet-centrestack-triofox-vulnerability-exploited-in-the-wild,CVE-2025-30406 - Critical Gladinet CentreStack & Triofox Vulnerability Exploited In The Wild,www.huntress.com,SSH & Credential Abuse,2025-04-14T05:00:00+00:00,0.6262,1,1,2,2,Selected
https://www.huntress.com/blog/crushftp-cve-2025-31161-auth-bypass-and-post-exploitation,CrushFTP CVE-2025-31161 Auth Bypass and Post-Exploitation,www.huntress.com,SSH & Credential Abuse,2025-04-04T05:00:00+00:00,0.626,1,1,2,2,Selected
https://www.huntress.com/blog/threat-advisory-oh-no-cleo-cleo-software-actively-being-exploited-in-the-wild,Cleo Software Actively Being Exploited in the Wild CVE-2024-55956 | Huntress,www.huntress.com,SSH & Credential Abuse,2025-01-06T21:16:42+00:00,0.6242,1,1,2,2,Selected
https://www.huntress.com/blog/cleo-software-vulnerability-malware-analysis,Cleo Malichus Malware Analysis CVE-2024-55956| Huntress,www.huntress.com,SSH & Credential Abuse,2024-12-11T00:00:00+00:00,0.6236,1,1,2,2,Selected
https://www.huntress.com/blog/slashandgrab-screen-connect-post-exploitation-in-the-wild-cve-2024-1709-cve-2024-1708,SlashAndGrab: ScreenConnect Post-Exploitation in the Wild (CVE-2024-1709 & CVE-2024-1708) | Huntress,www.huntress.com,SSH & Credential Abuse,2024-02-23T00:00:00+00:00,0.6177,1,1,2,2,Selected
https://www.huntress.com/blog/a-catastrophe-for-control-understanding-the-screenconnect-authentication-bypass,Understanding the ConnectWise ScreenConnect CVE-2024-1709 & CVE-2024-1708 | Huntress,www.huntress.com,SSH & Credential Abuse,2024-02-21T00:00:00+00:00,0.6177,1,1,2,2,Selected
https://www.huntress.com/blog/mft-exploitation-and-adversary-operations,MFT Exploitation and Adversary Operations | Huntress,www.huntress.com,SSH & Credential Abuse,2023-11-29T00:00:00+00:00,0.616,1,1,2,2,Selected
https://www.huntress.com/blog/critical-vulnerability-sysaid-cve-2023-47246,Critical Vulnerability: SysAid CVE-2023-47246 | Huntress,www.huntress.com,SSH & Credential Abuse,2023-11-10T00:00:00+00:00,0.6157,1,1,2,2,Selected
https://www.huntress.com/blog/critical-vulnerability-webp-heap-buffer-overflow-cve-2023-4863,Critical Vulnerability: WebP Heap Buffer Overflow (CVE-2023-4863) | Huntress,www.huntress.com,SSH & Credential Abuse,2023-09-28T00:00:00+00:00,0.6148,1,1,2,2,Selected
https://www.huntress.com/blog/another-papercut-cve-2023-39143-remote-code-execution,Another PaperCut: CVE-2023-39143 Remote Code Execution | Huntress,www.huntress.com,SSH & Credential Abuse,2023-08-05T00:00:00+00:00,0.6137,1,1,2,2,Selected
https://www.huntress.com/blog/moveit-transfer-critical-vulnerability-rapid-response,MOVEit Transfer Critical Vulnerability CVE-2023-34362 Rapid Response,www.huntress.com,SSH & Credential Abuse,2023-06-01T00:00:00+00:00,0.6125,1,1,2,2,Selected
https://www.darkreading.com/vulnerabilities-threats/sap-4hana-vulnerability-under-attack,"Critical SAP S/4HANA Vulnerability Under Attack, Patch Now",www.darkreading.com,SSH & Credential Abuse,2025-09-05T20:11:30+00:00,0.6116,1,1,2,2,Selected
https://www.huntress.com/blog/veeam-backup-replication-cve-2023-27532-response,Veeam Backup & Replication CVE-2023-27532 Response | Huntress,www.huntress.com,SSH & Credential Abuse,2023-03-13T00:00:00+00:00,0.6109,1,1,2,2,Selected
https://www.huntress.com/blog/critical-rce-vulnerability-log4j-cve-2021-44228,Critical RCE Vulnerability: log4j - CVE-2021-44228 | Huntress,www.huntress.com,SSH & Credential Abuse,2021-12-10T00:00:00+00:00,0.6021,1,1,2,2,Selected
https://www.huntress.com/blog/rapid-response-critical-rce-vulnerability-is-affecting-java,Critical RCE Vulnerability Updates (log4j - CVE-2021-44228) | Huntress,www.huntress.com,SSH & Credential Abuse,2021-12-10T00:00:00+00:00,0.6021,1,1,2,2,Selected
https://www.huntress.com/blog/cybersecurity-advisory-hackers-are-exploiting-cve-2021-40444,Threat Advisory: Hackers Are Exploiting CVE-2021-40444 | Huntress,www.huntress.com,SSH & Credential Abuse,2021-09-09T00:00:00+00:00,0.6003,1,1,2,2,Selected
https://www.huntress.com/blog/utilizing-asns-for-hunting-and-response,Utilizing ASNs for Hunting & Response,www.huntress.com,SSH & Credential Abuse,2025-05-08T05:00:00+00:00,0.5933,1,1,2,2,Selected
https://www.huntress.com/blog/mssql-to-screenconnect,MSSQL to ScreenConnect | Huntress,www.huntress.com,SSH & Credential Abuse,2024-03-28T00:00:00+00:00,0.5851,1,1,2,2,Selected
https://www.huntress.com/blog/time-travelers-busted-how-to-detect-impossible-travel-,Time Travelers Busted: How to Detect Impossible Travel | Huntress,www.huntress.com,SSH & Credential Abuse,2024-03-07T00:00:00+00:00,0.5847,1,1,2,2,Selected
https://www.huntress.com/blog/cve-2017-18362-arbitrary-sql-injection-in-mangeditsync-integration-ba142ff24f4d,CVE-2017-18362: Arbitrary SQL Execution in ManagedITSync Integration,www.huntress.com,SSH & Credential Abuse,2019-02-08T14:00:00+00:00,0.5831,1,1,2,2,Selected
https://www.huntress.com/blog/exploring-the-value-of-indicators-in-small-business-defense,Exploring the Value of Indicators In Small Business Defense,www.huntress.com,SSH & Credential Abuse,2023-12-07T00:00:00+00:00,0.5829,1,1,2,2,Selected
https://securelist.com/new-phishing-and-scam-trends-in-2025/117217/,New trends in phishing and scams: how AI and social media are changing the game,securelist.com,SSH & Credential Abuse,2025-08-13T08:00:06+00:00,0.5795,1,1,2,2,Selected
https://www.darkreading.com/threat-intelligence/new-domains-salt-typhoon-unc4841,"45 New Domains Linked to Salt Typhoon, UNC4841",www.darkreading.com,SSH & Credential Abuse,2025-09-08T10:08:51+00:00,0.5783,1,1,2,2,Selected
https://www.huntress.com/blog/hackers-no-hashing-randomizing-api-hashes-to-evade-cobalt-strike-shellcode-detection,Hackers No Hashing: Randomizing API Hashes to Evade Cobalt Strike Shellcode Detection,www.huntress.com,SSH & Credential Abuse,2022-02-16T00:00:00+00:00,0.57,1,1,2,2,Selected
https://www.huntress.com/blog/snakes-on-a-domain-an-analysis-of-a-python-malware-loader,Snakes on a Domain: An Analysis of a Python Malware Loader | Huntress,www.huntress.com,SSH & Credential Abuse,2021-08-17T00:00:00+00:00,0.5665,1,1,2,2,Selected
https://www.huntress.com/blog/rapid-response-mass-exploitation-of-on-prem-exchange-servers,Rapid Response: Mass Exploitation of On-Prem Exchange Servers | Huntress,www.huntress.com,SSH & Credential Abuse,2021-03-03T00:00:00+00:00,0.5634,1,1,2,2,Selected
https://www.huntress.com/blog/the-hunt-for-redcurl-2,Hunt for RedCurl | Huntress,www.huntress.com,SSH & Credential Abuse,2025-03-03T15:55:35+00:00,0.5587,1,1,2,2,Selected
https://isc.sans.edu/diary/rss/32256,"Exploit Attempts for Dassault DELMIA Apriso. CVE-2025-5086, (Wed, Sep 3rd)",isc.sans.edu,SSH & Credential Abuse,2025-09-03T14:36:19+00:00,0.6991,0,1,1,1,Selected
https://krebsonsecurity.com/2025/09/gop-cries-censorship-over-spam-filters-that-work/,GOP Cries Censorship Over Spam Filters That Work,krebsonsecurity.com,SSH & Credential Abuse,2025-09-06T03:23:35+00:00,0.6633,1,0,1,1,Selected
https://www.sentinelone.com/labs/akirabot-ai-powered-bot-bypasses-captchas-spams-websites-at-scale/,"AkiraBot | AI-Powered Bot Bypasses CAPTCHAs, Spams Websites At Scale",www.sentinelone.com,SSH & Credential Abuse,2025-04-09T15:00:36+00:00,0.6603,1,0,1,1,Selected
https://www.cisa.gov/news-events/alerts/2025/09/09/cisa-releases-fourteen-industrial-control-systems-advisories,CISA Releases Fourteen Industrial Control Systems Advisories,www.cisa.gov,SSH & Credential Abuse,2025-09-09T12:00:00+00:00,0.65,1,0,1,1,Selected
https://www.cisa.gov/news-events/alerts/2025/09/02/cisa-releases-four-industrial-control-systems-advisories,CISA Releases Four Industrial Control Systems Advisories,www.cisa.gov,SSH & Credential Abuse,2025-09-02T12:00:00+00:00,0.6499,1,0,1,1,Selected
https://www.cisa.gov/news-events/alerts/2025/09/04/cisa-releases-five-industrial-control-systems-advisories,CISA Releases Five Industrial Control Systems Advisories,www.cisa.gov,SSH & Credential Abuse,2025-09-04T12:00:00+00:00,0.6499,1,0,1,1,Selected
https://www.cisa.gov/news-events/alerts/2025/08/28/cisa-releases-nine-industrial-control-systems-advisories,CISA Releases Nine Industrial Control Systems Advisories,www.cisa.gov,SSH & Credential Abuse,2025-08-28T12:00:00+00:00,0.6498,1,0,1,1,Selected
https://www.cisa.gov/news-events/alerts/2025/08/27/cisa-and-partners-release-joint-advisory-countering-chinese-state-sponsored-actors-compromise,CISA and Partners Release Joint Advisory on Countering Chinese State-Sponsored Actors Compromise of Networks Worldwide to Feed Global Espionage Systems,www.cisa.gov,SSH & Credential Abuse,2025-08-27T12:00:00+00:00,0.6497,1,0,1,1,Selected
https://www.huntress.com/blog/what-is-multi-factor-authentication,What Is Multi-Factor Authentication (MFA)? | Huntress,www.huntress.com,SSH & Credential Abuse,2025-09-05T15:00:00+00:00,0.6458,1,0,1,1,Selected
https://www.huntress.com/blog/debunking-microsoft-365-identity-myths,Debunking Microsoft 365 & Identity Myths,www.huntress.com,SSH & Credential Abuse,2025-09-02T05:00:00+00:00,0.6458,1,0,1,1,Selected
https://www.schneier.com/blog/archives/2025/09/indirect-prompt-injection-attacks-against-llm-assistants.html,Indirect Prompt Injection Attacks Against LLM Assistants,www.schneier.com,SSH & Credential Abuse,2025-09-03T11:00:47+00:00,0.6457,1,0,1,1,Selected
https://www.huntress.com/blog/improving-security-with-sso-and-mfa,"SSO vs. MFA: Key Differences, Compared + Explained | Huntress",www.huntress.com,SSH & Credential Abuse,2025-08-07T17:00:00+00:00,0.6452,1,0,1,1,Selected
https://www.huntress.com/blog/demystifying-multi-factor-authentication-for-businesses,"MFA for Business: Benefits, Methods & Why It Still Matters",www.huntress.com,SSH & Credential Abuse,2025-07-23T05:00:00+00:00,0.6449,1,0,1,1,Selected
https://www.huntress.com/blog/huntress-top-cyber-hygiene-tips,Top Cyber Hygiene Tips for Better Digital Security,www.huntress.com,SSH & Credential Abuse,2025-07-08T05:00:00+00:00,0.6446,1,0,1,1,Selected
https://www.huntress.com/blog/recutting-the-kerberos-diamond-ticket,Recutting the Kerberos Diamond Ticket,www.huntress.com,SSH & Credential Abuse,2025-06-25T05:00:00+00:00,0.6443,1,1,2,1,Selected
https://www.huntress.com/blog/brute-force-or-something-more-ransomware-initial-access-brokers-exposed,Ransomware Initial Access Brokers Exposed,www.huntress.com,SSH & Credential Abuse,2025-04-10T05:00:00+00:00,0.6428,1,0,1,1,Selected
https://www.huntress.com/blog/credential-theft-expanding-your-reach,Credential Theft: Expanding Your Reach,www.huntress.com,SSH & Credential Abuse,2025-04-08T05:00:00+00:00,0.6427,1,0,1,1,Selected
https://www.huntress.com/blog/perfmon-what-is-it-good-for,PerfMon! What Is It Good For? | Huntress,www.huntress.com,SSH & Credential Abuse,2025-01-23T00:00:00+00:00,0.6412,1,1,2,1,Selected
https://www.huntress.com/blog/to-mfa-or-not-to-mfa-how-multi-factor-authentication-saves-the-smb,To MFA or Not To MFA: How Multi-factor Authentication Saves the SMB | Huntress,www.huntress.com,SSH & Credential Abuse,2024-11-18T00:00:00+00:00,0.6398,1,0,1,1,Selected
https://www.huntress.com/blog/hunting-for-m365-password-spraying,Hunting for M365 Password Spraying | Huntress,www.huntress.com,SSH & Credential Abuse,2024-10-03T00:00:00+00:00,0.6389,1,1,2,1,Selected
https://www.huntress.com/blog/healthcare-in-the-crosshairs-insights-from-our-2024-cyber-threat-report,Healthcare in the Crosshairs: Insights from Our 2024 Cyber Threat Report | Huntress,www.huntress.com,SSH & Credential Abuse,2024-06-06T00:00:00+00:00,0.6365,1,0,1,1,Selected
https://isc.sans.edu/diary/rss/32264,"ISC Stormcast For Monday, September 8th, 2025 https://isc.sans.edu/podcastdetail/9602, (Mon, Sep 8th)",isc.sans.edu,SSH & Credential Abuse,2025-09-08T02:00:03+00:00,0.6325,0,0,0,0,Selected
https://unit42.paloaltonetworks.com/threat-intelligence-interns/,Why Threat Intelligence: A Conversation With Unit 42 Interns,unit42.paloaltonetworks.com,SSH & Credential Abuse,2025-09-02T23:00:57+00:00,0.6325,1,0,1,1,Selected
https://isc.sans.edu/diary/rss/32266,"HTTP Request Signatures, (Mon, Sep 8th)",isc.sans.edu,SSH & Credential Abuse,2025-09-08T12:40:58+00:00,0.6325,0,0,0,0,Selected
https://isc.sans.edu/diary/rss/32258,"ISC Stormcast For Thursday, September 4th, 2025 https://isc.sans.edu/podcastdetail/9598, (Thu, Sep 4th)",isc.sans.edu,SSH & Credential Abuse,2025-09-04T13:59:15+00:00,0.6325,0,0,0,0,Selected
https://isc.sans.edu/diary.html?rss,Infocon: green,isc.sans.edu,SSH & Credential Abuse,2025-09-05T17:25:08+00:00,0.6325,0,0,0,0,Selected
https://unit42.paloaltonetworks.com/model-namespace-reuse/,Model Namespace Reuse: An AI Supply-Chain Attack Exploiting Model Name Trust,unit42.paloaltonetworks.com,SSH & Credential Abuse,2025-09-03T10:00:56+00:00,0.6325,1,0,1,1,Selected
https://isc.sans.edu/diary/rss/32254,"ISC Stormcast For Wednesday, September 3rd, 2025 https://isc.sans.edu/podcastdetail/9596, (Wed, Sep 3rd)",isc.sans.edu,SSH & Credential Abuse,2025-09-03T02:00:03+00:00,0.6325,0,0,0,0,Selected
https://unit42.paloaltonetworks.com/threat-brief-sap-netweaver-cve-2025-31324/,Read now,unit42.paloaltonetworks.com,SSH & Credential Abuse,2025-09-08T00:00:00+00:00,0.6325,1,0,1,1,Selected
https://unit42.paloaltonetworks.com/2025-unit-42-global-incident-response-report-social-engineering-edition/,nan,unit42.paloaltonetworks.com,SSH & Credential Abuse,2025-09-08T00:00:00+00:00,0.6325,1,0,1,1,Selected
https://isc.sans.edu/diary/rss/32260,"ISC Stormcast For Friday, September 5th, 2025 https://isc.sans.edu/podcastdetail/9600, (Fri, Sep 5th)",isc.sans.edu,SSH & Credential Abuse,2025-09-05T02:00:02+00:00,0.6325,0,0,0,0,Selected
https://isc.sans.edu/diary/rss/32268,"ISC Stormcast For Tuesday, September 9th, 2025 https://isc.sans.edu/podcastdetail/9604, (Tue, Sep 9th)",isc.sans.edu,SSH & Credential Abuse,2025-09-09T02:00:02+00:00,0.6325,0,0,0,0,Selected
https://isc.sans.edu/diary/rss/32270,"Microsoft Patch Tuesday September 2025, (Tue, Sep 9th)",isc.sans.edu,SSH & Credential Abuse,2025-09-09T17:42:34+00:00,0.6325,0,0,0,0,Selected
https://isc.sans.edu/diary/rss/32252,"A quick look at sextortion at scale: 1,900 messages and 205 Bitcoin addresses spanning four years, (Tue, Sep 2nd)",isc.sans.edu,SSH & Credential Abuse,2025-09-02T06:05:33+00:00,0.6324,0,0,0,0,Selected
https://isc.sans.edu/diary/rss/32246,"Wireshark 4.4.9 Released, (Sun, Aug 31st)",isc.sans.edu,SSH & Credential Abuse,2025-08-31T17:51:49+00:00,0.6324,0,0,0,0,Selected
https://isc.sans.edu/diary/rss/32244,"ISC Stormcast For Friday, August 29th, 2025 https://isc.sans.edu/podcastdetail/9592, (Fri, Aug 29th)",isc.sans.edu,SSH & Credential Abuse,2025-08-29T02:00:02+00:00,0.6324,0,0,0,0,Selected
https://isc.sans.edu/diary/rss/32250,"ISC Stormcast For Tuesday, September 2nd, 2025 https://isc.sans.edu/podcastdetail/9594, (Tue, Sep 2nd)",isc.sans.edu,SSH & Credential Abuse,2025-09-02T02:00:02+00:00,0.6324,0,0,0,0,Selected
https://isc.sans.edu/diary/rss/32248,"pdf-parser: All Streams, (Sun, Aug 31st)",isc.sans.edu,SSH & Credential Abuse,2025-08-31T18:00:09+00:00,0.6324,0,0,0,0,Selected
https://unit42.paloaltonetworks.com/retail-hospitality-heists-in-the-digital-age/,Data Is the New Diamond: Heists in the Digital Age,unit42.paloaltonetworks.com,SSH & Credential Abuse,2025-08-26T23:00:23+00:00,0.6323,1,0,1,1,Selected
https://unit42.paloaltonetworks.com/introducing-insights/,Insights: Telling You What We Really Think,unit42.paloaltonetworks.com,SSH & Credential Abuse,2025-08-25T18:00:45+00:00,0.6323,1,0,1,1,Selected
https://unit42.paloaltonetworks.com/logit-gap-steering-impact/,Logit-Gap Steering: A New Frontier in Understanding and Probing LLM Safety,unit42.paloaltonetworks.com,SSH & Credential Abuse,2025-08-20T23:00:15+00:00,0.6322,1,0,1,1,Selected
https://unit42.paloaltonetworks.com/donut-malware-analysis-tutorial/,A Mega Malware Analysis Tutorial Featuring Donut-Generated Shellcode,unit42.paloaltonetworks.com,SSH & Credential Abuse,2025-08-14T10:00:46+00:00,0.632,1,0,1,1,Selected
https://unit42.paloaltonetworks.com/muddled-libras-strike-teams/,Muddled Libra’s Strike Teams: Amalgamated Evil,unit42.paloaltonetworks.com,SSH & Credential Abuse,2025-08-12T21:00:39+00:00,0.632,1,0,1,1,Selected
https://unit42.paloaltonetworks.com/why-the-focus-on-muddled-libra/,Muddled Libra: Why Are We So Obsessed With You?,unit42.paloaltonetworks.com,SSH & Credential Abuse,2025-08-06T21:00:54+00:00,0.6319,1,0,1,1,Selected
https://unit42.paloaltonetworks.com/new-darkcloud-stealer-infection-chain/,New Infection Chain and ConfuserEx-Based Obfuscation for DarkCloud Stealer,unit42.paloaltonetworks.com,SSH & Credential Abuse,2025-08-07T10:00:02+00:00,0.6319,1,0,1,1,Selected
https://blog.didierstevens.com/2025/08/31/update-pdf-parser-py-version-0-7-13/,Update: pdf-parser.py Version 0.7.13,blog.didierstevens.com,SSH & Credential Abuse,2025-08-31T18:10:20+00:00,0.629,0,1,1,1,Selected
https://www.darkreading.com/cyberattacks-data-breaches/salty2fa-phishing-kits-enterprise-level,Salty2FA Takes Phishing Kits to Enterprise Level,www.darkreading.com,SSH & Credential Abuse,2025-09-09T15:50:11+00:00,0.6283,1,0,1,1,Selected
https://www.darkreading.com/threat-intelligence/scammers-grok-malicious-links-x,Scammers Are Using Grok to Spread Malicious Links on X,www.darkreading.com,SSH & Credential Abuse,2025-09-05T15:41:48+00:00,0.6283,1,0,1,1,Selected
https://www.bleepingcomputer.com/news/security/icloud-calendar-abused-to-send-phishing-emails-from-apples-servers/,iCloud Calendar abused to send phishing emails from Apple’s servers,www.bleepingcomputer.com,SSH & Credential Abuse,2025-09-07T13:10:29-04:00,0.6283,1,0,1,1,Selected
https://blog.didierstevens.com/2025/06/20/update-teeplus-py-version-0-0-2/,Update: teeplus.py Version 0.0.2,blog.didierstevens.com,SSH & Credential Abuse,2025-06-20T00:00:00+00:00,0.6275,0,1,1,1,Selected
https://blog.didierstevens.com/2025/06/15/new-tool-myipaddress-py/,New Tool: myipaddress.py,blog.didierstevens.com,SSH & Credential Abuse,2025-06-15T00:00:00+00:00,0.6274,0,1,1,1,Selected
https://www.huntress.com/blog/is-there-a-right-way-to-set-up-two-factor-authentication,Is There a Right Way to Set Up Two-Factor Authentication? | Huntress,www.huntress.com,SSH & Credential Abuse,2021-11-30T00:00:00+00:00,0.6186,1,0,1,1,Selected
https://azure.microsoft.com/en-us/blog/azure-mandatory-multifactor-authentication-phase-2-starting-in-october-2025/,Azure mandatory multifactor authentication: Phase 2 starting in October 2025,www.microsoft.com,SSH & Credential Abuse,2025-09-05T15:00:00+00:00,0.615,1,0,1,1,Selected
https://blog.talosintelligence.com/from-summer-camp-to-grind-season/,From summer camp to grind season,blog.talosintelligence.com,SSH & Credential Abuse,2025-09-04T18:02:14+00:00,0.615,1,0,1,1,Selected
https://blog.talosintelligence.com/microsoft-patch-tuesday-september-2025/,Microsoft Patch Tuesday for September 2025 – Snort rules and prominent vulnerabilities,blog.talosintelligence.com,SSH & Credential Abuse,2025-09-09T19:12:31+00:00,0.615,1,0,1,1,Selected
https://blog.talosintelligence.com/link-up-lift-up-level-up/,"Link up, lift up, level up",blog.talosintelligence.com,SSH & Credential Abuse,2025-08-28T18:00:19+00:00,0.6148,1,0,1,1,Selected
https://blog.talosintelligence.com/libbiosig-tenda-sail-pdf-xchange-foxit-vulnerabilities/,"Libbiosig, Tenda, SAIL, PDF XChange, Foxit vulnerabilities",blog.talosintelligence.com,SSH & Credential Abuse,2025-08-27T18:07:18+00:00,0.6148,1,0,1,1,Selected
https://www.microsoft.com/en-us/security/blog/2025/08/27/microsoft-ranked-number-one-in-modern-endpoint-security-market-share-third-year-in-a-row/,Microsoft ranked number one in modern endpoint security market share third year in a row,www.microsoft.com,SSH & Credential Abuse,2025-08-27T15:00:00+00:00,0.6148,1,0,1,1,Selected
https://blog.talosintelligence.com/static-tundra/,Russian state-sponsored espionage group Static Tundra compromises unpatched end-of-life network devices,blog.talosintelligence.com,SSH & Credential Abuse,2025-08-20T13:00:39+00:00,0.6147,1,0,1,1,Selected
https://blog.talosintelligence.com/jj-cummings-the-art-of-controlling-information/,JJ Cummings: The art of controlling information,blog.talosintelligence.com,SSH & Credential Abuse,2025-08-19T10:00:27+00:00,0.6146,1,0,1,1,Selected
https://blog.talosintelligence.com/uat-7237-targets-web-hosting-infra/,UAT-7237 targets Taiwanese web hosting infrastructure,blog.talosintelligence.com,SSH & Credential Abuse,2025-08-15T10:00:56+00:00,0.6146,1,0,1,1,Selected
https://www.microsoft.com/en-us/security/blog/2025/08/18/dissecting-pipemagic-inside-the-architecture-of-a-modular-backdoor-framework/,Dissecting PipeMagic: Inside the architecture of a modular backdoor framework,www.microsoft.com,SSH & Credential Abuse,2025-08-18T15:00:00+00:00,0.6146,1,0,1,1,Selected
https://blog.talosintelligence.com/what-happened-in-vegas-that-you-actually-want-to-know-about/,What happened in Vegas (that you actually want to know about),blog.talosintelligence.com,SSH & Credential Abuse,2025-08-14T18:00:01+00:00,0.6145,1,0,1,1,Selected
https://www.microsoft.com/en-us/security/blog/2025/08/12/dows-125-year-legacy-innovating-with-ai-to-secure-a-long-future/,Dow’s 125-year legacy: Innovating with AI to secure a long future,www.microsoft.com,SSH & Credential Abuse,2025-08-12T16:00:00+00:00,0.6145,1,0,1,1,Selected
https://www.microsoft.com/en-us/security/blog/2025/08/13/connect-with-the-security-community-at-microsoft-ignite-2025/,Connect with the security community at Microsoft Ignite 2025,www.microsoft.com,SSH & Credential Abuse,2025-08-13T16:00:00+00:00,0.6145,1,0,1,1,Selected
https://blog.talosintelligence.com/ps1bot-malvertising-campaign/,"Malvertising campaign leads to PS1Bot, a multi-stage malware framework",blog.talosintelligence.com,SSH & Credential Abuse,2025-08-12T20:00:09+00:00,0.6145,1,0,1,1,Selected
https://blog.talosintelligence.com/microsoft-patch-tuesday-august-2025/,Microsoft Patch Tuesday for August 2025 — Snort rules and prominent vulnerabilities,blog.talosintelligence.com,SSH & Credential Abuse,2025-08-12T19:39:19+00:00,0.6145,1,0,1,1,Selected
https://blog.talosintelligence.com/wwbn-meddream-eclipse-vulnerabilities/,"WWBN, MedDream, Eclipse vulnerabilities",blog.talosintelligence.com,SSH & Credential Abuse,2025-08-06T12:00:22+00:00,0.6144,1,0,1,1,Selected
https://go.theregister.com/feed/www.theregister.com/2025/09/08/pacer_mfa_rollout/,PACER buckles under MFA rollout as courts warn of support delays,www.theregister.com,SSH & Credential Abuse,2025-09-08T13:15:11+00:00,0.6108,0,0,0,0,Selected
https://go.theregister.com/feed/www.theregister.com/2025/09/01/infosec_in_brief/,WhatsApp warns of 'attack against specific targeted users',www.theregister.com,SSH & Credential Abuse,2025-09-01T01:13:48+00:00,0.6107,0,0,0,0,Selected
https://www.crowdstrike.com/en-us/blog/crowdstrike-named-leader-forrester-wave-managed-detection-response-services-europe-q3-2025/,"CrowdStrike Named a Leader in The Forrester Wave&trade;: Managed Detection and Response Services in Europe, Q3 2025",www.crowdstrike.com,SSH & Credential Abuse,2025-09-04T00:00:00-05:00,0.608,1,0,1,1,Selected
https://www.crowdstrike.com/en-us/blog/ember-2024-advancing-cybersecurity-ml-training-on-evasive-malware/,EMBER2024: Advancing the Training of Cybersecurity ML Models Against Evasive Malware,www.crowdstrike.com,SSH & Credential Abuse,2025-09-03T00:00:00-05:00,0.608,1,0,1,1,Selected
https://www.crowdstrike.com/en-us/blog/secure-ai-at-machine-speed/,Secure AI at Machine Speed: Defending the Growing Attack Surface,www.crowdstrike.com,SSH & Credential Abuse,2025-09-02T00:00:00-05:00,0.6079,1,0,1,1,Selected
https://www.crowdstrike.com/en-us/blog/crowdstrike-leader-2025-idc-marketscape-exposure-management/,CrowdStrike Named a Leader in 2025 IDC MarketScape for Exposure Management,www.crowdstrike.com,SSH & Credential Abuse,2025-08-25T00:00:00-05:00,0.6078,1,0,1,1,Selected
https://www.crowdstrike.com/en-us/blog/crowdstrike-to-acquire-onum/,CrowdStrike to Acquire Onum to Transform How Data Powers the Agentic SOC,www.crowdstrike.com,SSH & Credential Abuse,2025-08-27T00:00:00-05:00,0.6078,1,0,1,1,Selected
https://www.crowdstrike.com/en-us/blog/crowdstrike-leader-2025-idc-marketscape-worldwide-ir-services/,CrowdStrike Named a Leader in 2025 IDC MarketScape for Worldwide Incident Response Services,www.crowdstrike.com,SSH & Credential Abuse,2025-08-27T00:00:00-05:00,0.6078,1,0,1,1,Selected
https://www.crowdstrike.com/en-us/blog/murky-panda-trusted-relationship-threat-in-cloud/,MURKY PANDA: A Trusted-Relationship Threat in the Cloud,www.crowdstrike.com,SSH & Credential Abuse,2025-08-21T00:00:00-05:00,0.6077,1,0,1,1,Selected
https://www.crowdstrike.com/en-us/blog/defending-against-scattered-spider-with-falcon-next-gen-siem/,Defending Against SCATTERED SPIDER with Falcon Next-Gen SIEM,www.crowdstrike.com,SSH & Credential Abuse,2025-08-14T00:00:00-05:00,0.6075,1,0,1,1,Selected
https://ubuntu.com/security/notices/USN-7732-1,USN-7732-1: KMail Account Wizard vulnerability,ubuntu.com,SSH & Credential Abuse,2025-09-02T20:08:35+00:00,0.5975,1,0,1,1,Selected
https://ubuntu.com/security/notices/USN-7740-1,USN-7740-1: LibEtPan vulnerability,ubuntu.com,SSH & Credential Abuse,2025-09-08T14:23:16+00:00,0.5975,1,0,1,1,Selected
https://ubuntu.com/security/notices/USN-7738-1,USN-7738-1: FFmpeg vulnerability,ubuntu.com,SSH & Credential Abuse,2025-09-04T01:02:49+00:00,0.5975,1,0,1,1,Selected
https://redcanary.com/blog/news-events/cfp-tracker-september-2025/,Red Canary CFP tracker: September 2025,redcanary.com,SSH & Credential Abuse,2025-09-02T19:46:08+00:00,0.5975,1,0,1,1,Selected
https://www.huntress.com/blog/threat-advisory-xmrig-crypto-mining-by-way-of-teamviewer,Threat Advisory: XMRig Cryptomining By Way Of TeamViewer,www.huntress.com,Cryptomining on HPC,2023-05-30T00:00:00+00:00,0.7957,1,1,2,1,Selected
https://securelist.com/malware-report-q2-2025-pc-iot-statistics/117421/,IT threat evolution in Q2 2025. Non-mobile statistics,securelist.com,Cryptomining on HPC,2025-09-05T09:00:23+00:00,0.6633,1,0,1,1,Selected
https://www.schneier.com/blog/archives/2025/09/new-cryptanalysis-of-the-fiat-shamir-protocol.html,New Cryptanalysis of the Fiat-Shamir Protocol,www.schneier.com,Cryptomining on HPC,2025-09-09T11:02:00+00:00,0.6458,1,0,1,1,Selected
https://www.darkreading.com/endpoint-security/browser-becoming-new-endpoint,Is the Browser Becoming the New Endpoint?,www.darkreading.com,Cryptomining on HPC,2025-09-09T19:23:53+00:00,0.6283,1,0,1,1,Selected
https://www.huntress.com/blog/faq-asus-liveupdate-attack-operation-shadowhammer-9fc9c03b2da9,Rapid Response: ASUS Live Update Attack (Operation ShadowHammer),www.huntress.com,Cryptomining on HPC,2019-03-26T05:00:00+00:00,0.6006,1,0,1,1,Selected
https://www.cisa.gov/news-events/cybersecurity-advisories/aa25-239a,Countering Chinese State-Sponsored Actors Compromise of Networks Worldwide to Feed Global Espionage System,www.cisa.gov,NFS / File-Share Exposure,2025-08-27T12:00:00+00:00,1.1664,1,1,2,3,Selected
https://www.huntress.com/blog/confluence-to-cerber-exploitation-of-cve-2023-22518-for-ransomware-deployment,Confluence to Cerber: Exploitation of ​​CVE-2023-22518,www.huntress.com,NFS / File-Share Exposure,2023-11-07T00:00:00+00:00,0.7823,1,1,2,2,Selected
https://thedfirreport.com/2025/05/19/another-confluence-bites-the-dust-falling-to-elpaco-team-ransomware/,Another Confluence Bites the Dust: Falling to ELPACO-team Ransomware,thedfirreport.com,NFS / File-Share Exposure,2025-05-19T00:05:39+00:00,0.7452,1,1,2,2,Selected
https://thedfirreport.com/2025/02/24/confluence-exploit-leads-to-lockbit-ransomware/,Confluence Exploit Leads to LockBit Ransomware,thedfirreport.com,NFS / File-Share Exposure,2025-02-24T00:06:37+00:00,0.7435,1,1,2,2,Selected
https://www.huntress.com/blog/obscura-ransomware-variant,"Obscura, an Obscure New Ransomware Variant",www.huntress.com,NFS / File-Share Exposure,2025-09-02T19:00:00+00:00,0.6791,1,1,2,2,Selected
https://www.huntress.com/blog/curling-for-data-a-dive-into-a-threat-actors-malicious-ttps,Curling for Data: A Dive into a Threat Actor's Malicious TTPs | Huntress,www.huntress.com,NFS / File-Share Exposure,2023-12-14T00:00:00+00:00,0.633,1,1,2,2,Selected
https://www.huntress.com/blog/exposing-data-exfiltration-lolbin-ttp-binaries,"Exposing Data Exfiltration: Detecting LOLBins, TTPs, and Ransomware Tactics",www.huntress.com,NFS / File-Share Exposure,2025-08-19T14:00:00+00:00,0.7288,1,0,1,1,Selected
https://www.huntress.com/blog/examining-the-impact-of-ransomware-on-the-healthcare-sector-and-new-hhs-guidelines,Examining the Impact of Ransomware on the Healthcare Sector and New HHS Guidelines | Huntress,www.huntress.com,NFS / File-Share Exposure,2024-06-08T06:00:00+00:00,0.7199,1,0,1,1,Selected
https://www.huntress.com/blog/using-backup-utilities-for-data-exfiltration,Using Backup Utilities for Data Exfiltration | Huntress,www.huntress.com,NFS / File-Share Exposure,2024-03-13T00:00:00+00:00,0.7181,1,0,1,1,Selected
https://unit42.paloaltonetworks.com/ak47-activity-linked-to-sharepoint-vulnerabilities/,Project AK47: Uncovering a Link to the SharePoint Vulnerability Attacks,unit42.paloaltonetworks.com,NFS / File-Share Exposure,2025-08-05T23:00:47+00:00,0.7152,1,0,1,1,Selected
https://www.huntress.com/blog/the-value-of-managed-edr-for-the-modern-msp,The Value of Managed EDR for the Modern MSP | Huntress,www.huntress.com,NFS / File-Share Exposure,2022-12-13T00:00:00+00:00,0.7091,1,0,1,1,Selected
https://www.microsoft.com/en-us/security/blog/2025/08/27/storm-0501s-evolving-techniques-lead-to-cloud-based-ransomware/,Storm-0501’s evolving techniques lead to cloud-based ransomware,www.microsoft.com,NFS / File-Share Exposure,2025-08-27T16:00:00+00:00,0.6981,1,0,1,1,Selected
https://www.microsoft.com/en-us/security/blog/2025/08/21/think-before-you-clickfix-analyzing-the-clickfix-social-engineering-technique/,Think before you Click(Fix): Analyzing the ClickFix social engineering technique,www.microsoft.com,NFS / File-Share Exposure,2025-08-21T16:00:00+00:00,0.698,1,0,1,1,Selected
https://blog.talosintelligence.com/ransomware_incidents_in_japan_during_the_first_half_of_2025/,Ransomware incidents in Japan during the first half of 2025,blog.talosintelligence.com,NFS / File-Share Exposure,2025-08-19T10:00:36+00:00,0.698,1,0,1,1,Selected
https://thedfirreport.com/2025/09/08/blurring-the-lines-intrusion-shows-connection-with-three-major-ransomware-gangs/,Blurring the Lines: Intrusion Shows Connection With Three Major Ransomware Gangs,thedfirreport.com,NFS / File-Share Exposure,2025-09-08T14:20:31+00:00,0.6808,1,0,1,1,Selected
https://thedfirreport.com/2025/08/05/from-bing-search-to-ransomware-bumblebee-and-adaptixc2-deliver-akira/,From Bing Search to Ransomware: Bumblebee and AdaptixC2 Deliver Akira,thedfirreport.com,NFS / File-Share Exposure,2025-08-05T12:00:57+00:00,0.6801,1,0,1,1,Selected
https://thedfirreport.com/2025/07/14/kongtuke-filefix-leads-to-new-interlock-rat-variant/,KongTuke FileFix Leads to New Interlock RAT Variant,thedfirreport.com,NFS / File-Share Exposure,2025-07-14T00:50:41+00:00,0.6797,1,0,1,1,Selected
https://thedfirreport.com/2025/03/31/fake-zoom-ends-in-blacksuit-ransomware/,Fake Zoom Ends in BlackSuit Ransomware,thedfirreport.com,NFS / File-Share Exposure,2025-03-31T00:01:24+00:00,0.6775,1,0,1,1,Selected
https://thedfirreport.com/2025/01/27/cobalt-strike-and-a-pair-of-socks-lead-to-lockbit-ransomware/,Cobalt Strike and a Pair of SOCKS Lead to LockBit Ransomware,thedfirreport.com,NFS / File-Share Exposure,2025-01-27T01:42:49+00:00,0.6762,1,0,1,1,Selected
https://www.schneier.com/blog/archives/2025/09/generative-ai-as-a-cybercrime-assistant.html,Generative AI as a Cybercrime Assistant,www.schneier.com,NFS / File-Share Exposure,2025-09-04T11:06:25+00:00,0.6458,1,0,1,1,Selected
https://www.schneier.com/blog/archives/2025/09/friday-squid-blogging-the-origin-and-propagation-of-squid.html,Friday Squid Blogging: The Origin and Propagation of Squid,www.schneier.com,NFS / File-Share Exposure,2025-09-06T00:05:27+00:00,0.6458,1,0,1,1,Selected
https://www.schneier.com/blog/archives/2025/08/friday-squid-blogging-catching-humboldt-squid.html,Friday Squid Blogging: Catching Humboldt Squid,www.schneier.com,NFS / File-Share Exposure,2025-08-29T21:04:09+00:00,0.6456,1,0,1,1,Selected
https://www.huntress.com/blog/cephalus-ransomware,Cephalus Ransomware: Don’t Lose Your Head,www.huntress.com,NFS / File-Share Exposure,2025-08-21T21:00:00+00:00,0.6455,1,0,1,1,Selected
https://www.huntress.com/blog/kawalocker-ransomware-deployed,"Kawabunga, Dude, You’ve Been Ransomed!",www.huntress.com,NFS / File-Share Exposure,2025-08-14T05:00:00+00:00,0.6454,1,0,1,1,Selected
https://www.huntress.com/blog/why-old-ransomware-playbooks-never-die,The Commented Kill Chain: Why Old Ransomware Playbooks Never Die,www.huntress.com,NFS / File-Share Exposure,2025-07-31T04:00:00+00:00,0.6451,1,0,1,1,Selected
https://www.huntress.com/blog/crux-ransomware,Getting to the Crux (Ransomware) of the Matter,www.huntress.com,NFS / File-Share Exposure,2025-07-18T04:00:00+00:00,0.6448,1,0,1,1,Selected
https://www.huntress.com/blog/advanced-intrusion-targeting-executive-at-critical-marketing-research-company,“Advanced” Intrusion Targeting Critical Marketing Research Company,www.huntress.com,NFS / File-Share Exposure,2025-05-27T05:00:00+00:00,0.6437,1,0,1,1,Selected
https://www.huntress.com/blog/breaking-down-ransomware-attacks-and-how-to-stay-ahead,Breaking Down Ransomware Attacks and How to Stay Ahead,www.huntress.com,NFS / File-Share Exposure,2025-05-15T05:00:00+00:00,0.6435,1,0,1,1,Selected
https://www.huntress.com/blog/for-ransomware-time-to-ransom-is-money,Time to Ransom is Money,www.huntress.com,NFS / File-Share Exposure,2025-05-13T05:00:00+00:00,0.6435,1,0,1,1,Selected
https://www.huntress.com/blog/infographic-uncover-tomorrows-cyber-threats-today,Uncover Tomorrow’s Cyber Threats Today | Huntress,www.huntress.com,NFS / File-Share Exposure,2025-03-04T00:00:00+00:00,0.642,1,0,1,1,Selected
https://www.huntress.com/blog/huntress-2025-cyber-threat-report-proliferating-rats-evolving-ransomware-and-other-findings,"2025 Cybersecurity Threat Report: Proliferating RATs, Evolving Ransomware, and Other Findings | Huntress",www.huntress.com,NFS / File-Share Exposure,2025-02-11T00:00:00+00:00,0.6416,1,0,1,1,Selected
https://www.huntress.com/blog/its-not-safe-to-pay-safepay,It’s Not Safe To Pay SafePa,www.huntress.com,NFS / File-Share Exposure,2024-11-14T00:00:00+00:00,0.6398,1,0,1,1,Selected
https://www.huntress.com/blog/a-parents-guide-to-securing-childrens-tech-gifts,A Parent's Guide to Securing Children's Tech Gifts | Huntress,www.huntress.com,NFS / File-Share Exposure,2024-11-13T00:00:00+00:00,0.6397,1,0,1,1,Selected
https://www.huntress.com/blog/readtext34-ransomware-incident,ReadText34 Ransomware Incident | Huntress,www.huntress.com,NFS / File-Share Exposure,2024-09-22T16:48:35+00:00,0.6387,1,0,1,1,Selected
https://www.huntress.com/blog/a-surge-in-ransomware-insights-from-our-2024-cyber-threat-report,Insights from Our 2024 Cyber Threat Report | Huntress,www.huntress.com,NFS / File-Share Exposure,2024-05-22T00:00:00+00:00,0.6362,1,0,1,1,Selected
https://www.huntress.com/blog/healthcare-held-hostage-fighting-the-plague-of-ransomware,Healthcare Held Hostage: Fighting the Plague of Ransomware | Huntress,www.huntress.com,NFS / File-Share Exposure,2024-05-03T00:00:00+00:00,0.6358,1,0,1,1,Selected
https://www.huntress.com/blog/lolbin-to-inc-ransomware,LOLBin to INC Ransomware,www.huntress.com,NFS / File-Share Exposure,2024-05-01T00:00:00+00:00,0.6358,1,0,1,1,Selected
https://www.huntress.com/blog/blackcat-ransomware-affiliate-ttps,BlackCat Ransomware Affiliate TTPs | Huntress,www.huntress.com,NFS / File-Share Exposure,2024-02-28T00:00:00+00:00,0.6345,1,0,1,1,Selected
https://www.huntress.com/blog/attacking-mssql-servers-pt-ii,"Attacking MSSQL Servers, Pt. II | Huntress",www.huntress.com,NFS / File-Share Exposure,2024-02-29T00:00:00+00:00,0.6345,1,0,1,1,Selected
https://www.huntress.com/blog/detection-guidance-for-connectwise-cwe-288-2,Detection Guidance for ConnectWise CWE-288 | Huntress,www.huntress.com,NFS / File-Share Exposure,2024-02-20T00:00:00+00:00,0.6344,1,0,1,1,Selected
https://www.huntress.com/blog/how-to-know-if-your-screenconnect-server-is-hacked,Guide: How to Know if your ScreenConnect Server is Hacked | Huntress,www.huntress.com,NFS / File-Share Exposure,2024-02-23T00:00:00+00:00,0.6344,1,0,1,1,Selected
https://www.huntress.com/blog/ransomware-deployment-attempts-via-teamviewer,Ransomware Deployment Attempts Via TeamViewer | Huntress,www.huntress.com,NFS / File-Share Exposure,2024-01-17T00:00:00+00:00,0.6337,1,0,1,1,Selected
https://www.huntress.com/blog/cant-touch-this-data-exfiltration-via-finger,Can’t Touch This: Data Exfiltration via Finger,www.huntress.com,NFS / File-Share Exposure,2023-11-28T00:00:00+00:00,0.6326,1,0,1,1,Selected
https://www.huntress.com/blog/investigating-new-inc-ransom-group-activity,Investigating New INC Ransom Group Activity | Huntress,www.huntress.com,NFS / File-Share Exposure,2023-08-11T00:00:00+00:00,0.6305,1,0,1,1,Selected
https://www.bleepingcomputer.com/news/security/us-charges-admin-of-lockergoga-megacortex-nefilim-ransomware/,"US charges admin of LockerGoga, MegaCortex, Nefilim ransomware",www.bleepingcomputer.com,NFS / File-Share Exposure,2025-09-09T12:08:15-04:00,0.6283,1,0,1,1,Selected
https://www.bleepingcomputer.com/news/security/lovesac-confirms-data-breach-after-ransomware-attack-claims/,Lovesac confirms data breach after ransomware attack claims,www.bleepingcomputer.com,NFS / File-Share Exposure,2025-09-08T14:24:25-04:00,0.6283,1,0,1,1,Selected
https://www.darkreading.com/endpoint-security/apt28-outlook-notdoor-backdoor,Russia's APT28 Targets Microsoft Outlook With 'NotDoor' Malware,www.darkreading.com,NFS / File-Share Exposure,2025-09-03T20:49:14+00:00,0.6282,1,0,1,1,Selected
https://www.darkreading.com/threat-intelligence/akira-clop-top-5-most-active-ransomware-groups-list,"Akira, Cl0p Top List of 5 Most Active Ransomware-as-a-Service Groups",www.darkreading.com,NFS / File-Share Exposure,2025-08-28T18:49:55+00:00,0.6281,1,0,1,1,Selected
https://www.darkreading.com/application-security/cisas-new-sbom-guidelines-mixed-reviews,CISA's New SBOM Guidelines Get Mixed Reviews,www.darkreading.com,NFS / File-Share Exposure,2025-08-28T15:17:50+00:00,0.6281,1,0,1,1,Selected
https://www.darkreading.com/cyber-risk/dark-reading-confidential-guided-tour-dark-web,Dark Reading Confidential: A Guided Tour of Today's Dark Web,www.darkreading.com,NFS / File-Share Exposure,2025-08-28T18:00:19+00:00,0.6281,1,0,1,1,Selected
https://www.huntress.com/blog/using-shodan-images-to-hunt-down-ransomware-groups,Using Shodan Images to Hunt Down Ransomware Groups | Huntress,www.huntress.com,NFS / File-Share Exposure,2022-12-20T00:00:00+00:00,0.6259,1,0,1,1,Selected
https://www.huntress.com/blog/creating-macos-ransomware,Creating macOS Ransomware | Huntress,www.huntress.com,NFS / File-Share Exposure,2022-11-08T00:00:00+00:00,0.6251,1,0,1,1,Selected
https://www.huntress.com/blog/huntress-commitment-to-the-cybersecurity-community,Huntress’ Commitment to the Cybersecurity Community | Huntress,www.huntress.com,NFS / File-Share Exposure,2022-08-02T00:00:00+00:00,0.6232,1,0,1,1,Selected
https://www.huntress.com/blog/triangulation,Triangulation | Huntress,www.huntress.com,NFS / File-Share Exposure,2022-06-14T00:00:00+00:00,0.6223,1,0,1,1,Selected
https://www.huntress.com/blog/breaking-down-the-nist-cybersecurity-framework,Breaking Down the NIST Cybersecurity Framework,www.huntress.com,NFS / File-Share Exposure,2022-04-14T00:00:00+00:00,0.6211,1,0,1,1,Selected
https://www.huntress.com/blog/a-beginners-guide-to-phishing-simulation-training-for-employees,A Beginner’s Guide to Phishing Simulation Training for Employees | Huntress,www.huntress.com,NFS / File-Share Exposure,2022-01-19T00:00:00+00:00,0.6195,1,0,1,1,Selected
https://www.huntress.com/blog/ransomware-canaries-a-2022-update,Ransomware Canaries: A 2022 Update | Huntress,www.huntress.com,NFS / File-Share Exposure,2022-01-14T00:00:00+00:00,0.6194,1,0,1,1,Selected
https://www.huntress.com/blog/how-ransomware-works-and-why-its-a-hacker-favorite,How Ransomware Works and Why It's a Hacker Favorite | Huntress,www.huntress.com,NFS / File-Share Exposure,2021-11-09T00:00:00+00:00,0.6182,1,0,1,1,Selected
https://www.huntress.com/blog/threat-advisory-hackers-are-exploiting-a-vulnerability-in-popular-billing-software-to-deploy-ransomware,Hackers Are Exploiting a Vulnerability in Billing Software to Deploy Ransomware | Huntress,www.huntress.com,NFS / File-Share Exposure,2021-10-22T00:00:00+00:00,0.6178,1,0,1,1,Selected
https://www.huntress.com/blog/security-researchers-hunt-to-discover-origins-of-the-kaseya-vsa-mass-ransomware-incident,The Hunt to Find Origins of Kaseya's VSA Mass Ransomware Incident | Huntress,www.huntress.com,NFS / File-Share Exposure,2021-07-20T00:00:00+00:00,0.616,1,0,1,1,Selected
https://www.huntress.com/blog/experts-weigh-in-on-the-state-of-email-based-threats,Experts Weigh in on the State of Email-Based Threats | Huntress,www.huntress.com,NFS / File-Share Exposure,2021-07-14T00:00:00+00:00,0.6159,1,0,1,1,Selected
https://www.huntress.com/blog/the-huntress-vsa-vaccine-acting-like-hackers-to-protect-our-partners,Huntress VSA Vaccine: Acting Like Hackers To Protect Our Partners | Huntress,www.huntress.com,NFS / File-Share Exposure,2021-07-13T00:00:00+00:00,0.6159,1,0,1,1,Selected
https://www.huntress.com/blog/rapid-response-kaseya-vsa-mass-msp-ransomware-incident,Rapid Response: Mass MSP Ransomware Incident | Huntress,www.huntress.com,NFS / File-Share Exposure,2021-07-03T00:00:00+00:00,0.6157,1,0,1,1,Selected
https://www.huntress.com/blog/discovering-a-ransomware-remedy-in-the-wild,Discovering a Ransomware Remedy in the Wild | Huntress,www.huntress.com,NFS / File-Share Exposure,2021-06-08T00:00:00+00:00,0.6152,1,0,1,1,Selected
https://www.huntress.com/blog/cybersecurity-insurance-perspective-on-ransomware,Cyber Security Insurance Perspective on Ransomware | Huntress,www.huntress.com,NFS / File-Share Exposure,2021-05-25T00:00:00+00:00,0.615,1,0,1,1,Selected
https://www.huntress.com/blog/understanding-your-smb-clients-cybersecurity-needs,Understanding Your SMB Clients' Cybersecurity Needs,www.huntress.com,NFS / File-Share Exposure,2021-05-27T00:00:00+00:00,0.615,1,0,1,1,Selected
https://go.theregister.com/feed/www.theregister.com/2025/09/05/real_story_ai_ransomware_promptlock/,"The crazy, true story behind the first AI-powered ransomware",www.theregister.com,NFS / File-Share Exposure,2025-09-05T20:11:13+00:00,0.6108,0,0,0,0,Selected
https://go.theregister.com/feed/www.theregister.com/2025/09/03/ransomware_ai_abuse/,It looks like you’re ransoming data. Would you like some help?,www.theregister.com,NFS / File-Share Exposure,2025-09-03T17:22:41+00:00,0.6107,0,0,0,0,Selected
https://www.huntress.com/blog/huntress-service-ransomware-canaries,Huntress Service: Ransomware Canaries | Huntress,www.huntress.com,NFS / File-Share Exposure,2020-06-24T00:00:00+00:00,0.6088,1,0,1,1,Selected
https://www.huntress.com/blog/security-awareness-training-will-prevent-ransomware,Security Awareness Training Will Prevent Ransomware | Huntress,www.huntress.com,NFS / File-Share Exposure,2017-07-05T00:00:00+00:00,0.5897,1,0,1,1,Selected
https://threatpost.com/ransomware-attacks-are-on-the-rise/180481/,Ransomware Attacks are on the Rise,threatpost.com,NFS / File-Share Exposure,2022-08-26T16:44:27+00:00,0.5886,1,0,1,1,Selected
https://www.suse.com/support/security/sbom/,SUSE LINUX Enterprise Server 15 SP2 Common Criteria NIAP Evaluated Configuration Guide,www.suse.com,NFS / File-Share Exposure,,0.4658,1,0,1,1,Selected
https://www.bankinfosecurity.com/agency-releases/fdic-issues-guidance-to-areas-in-illinois-impacted-by-severe-r-2805,FDIC Issues Guidance to Areas in Illinois Impacted by Severe Storms,www.bankinfosecurity.com,NFS / File-Share Exposure,,0.4483,1,0,1,1,Selected
https://www.bankinfosecurity.com/us-feds-indict-lockergoga-megacortex-ransomware-hacker-a-29397,US Feds Indict Lockergoga and Megacortex Ransomware Hacker,www.bankinfosecurity.com,NFS / File-Share Exposure,,0.4483,1,0,1,1,Selected
https://googleprojectzero.blogspot.com/2025/05/the-windows-registry-adventure-8-exploitation.html,The Windows Registry Adventure #8: Practical exploitation of hive memory corruption,googleprojectzero.blogspot.com,JupyterHub / Open OnDemand,2025-05-28T18:09:00+00:00,1.1604,0,1,1,2,Selected
https://googleprojectzero.blogspot.com/2025/05/the-windows-registry-adventure-7-attack-surface.html,The Windows Registry Adventure #7: Attack surface analysis,googleprojectzero.blogspot.com,JupyterHub / Open OnDemand,2025-05-23T09:05:00+00:00,1.1603,0,1,1,2,Selected
https://googleprojectzero.blogspot.com/2024/12/the-windows-registry-adventure-5-regf.html,The Windows Registry Adventure #5: The regf file format,googleprojectzero.blogspot.com,JupyterHub / Open OnDemand,2024-12-19T19:03:00+00:00,1.1572,0,1,1,2,Selected
https://googleprojectzero.blogspot.com/2025/05/breaking-sound-barrier-part-i-fuzzing.html,Breaking the Sound Barrier Part I: Fuzzing CoreAudio with Mach Messages,googleprojectzero.blogspot.com,JupyterHub / Open OnDemand,2025-05-09T17:38:00+00:00,1.0767,0,1,1,2,Selected
https://googleprojectzero.blogspot.com/2025/04/the-windows-registry-adventure-6-kernel.html,The Windows Registry Adventure #6: Kernel-mode objects,googleprojectzero.blogspot.com,JupyterHub / Open OnDemand,2025-04-16T21:19:00+00:00,0.9929,0,1,1,2,Selected
https://googleprojectzero.blogspot.com/2025/03/blasting-past-webp.html,Blasting Past Webp,googleprojectzero.blogspot.com,JupyterHub / Open OnDemand,2025-03-26T17:30:00+00:00,0.9925,0,1,1,2,Selected
https://www.cisa.gov/news-events/ics-advisories/icsa-25-252-05,Rockwell Automation FactoryTalk Activation Manager,www.cisa.gov,JupyterHub / Open OnDemand,2025-09-09T12:00:00+00:00,0.9667,1,1,2,2,Selected
https://www.cisa.gov/news-events/ics-advisories/icsa-25-240-03,Schneider Electric Saitel DR & Saitel DP Remote Terminal Unit,www.cisa.gov,JupyterHub / Open OnDemand,2025-08-28T12:00:00+00:00,0.9664,1,1,2,2,Selected
https://www.cisa.gov/news-events/ics-advisories/icsa-25-252-01,Rockwell Automation ThinManager,www.cisa.gov,JupyterHub / Open OnDemand,2025-09-09T12:00:00+00:00,0.9167,1,1,2,3,Selected
https://googleprojectzero.blogspot.com/2025/08/from-chrome-renderer-code-exec-to-kernel.html,From Chrome renderer code exec to kernel with MSG_OOB,googleprojectzero.blogspot.com,JupyterHub / Open OnDemand,2025-08-08T10:43:00+00:00,0.9119,0,1,1,2,Selected
https://www.cisa.gov/news-events/ics-advisories/icsa-25-252-08,Rockwell Automation Analytics LogixAI,www.cisa.gov,JupyterHub / Open OnDemand,2025-09-09T12:00:00+00:00,0.8833,1,1,2,2,Selected
https://www.cisa.gov/news-events/ics-advisories/icsa-25-252-02,ABB Cylon Aspect BMS/BAS,www.cisa.gov,JupyterHub / Open OnDemand,2025-09-09T12:00:00+00:00,0.8833,1,1,2,2,Selected
https://www.cisa.gov/news-events/ics-advisories/icsa-25-252-07,Rockwell Automation ControlLogix 5580,www.cisa.gov,JupyterHub / Open OnDemand,2025-09-09T12:00:00+00:00,0.8833,1,1,2,2,Selected
https://www.cisa.gov/news-events/ics-advisories/icsa-25-252-06,Rockwell Automation CompactLogix® 5480,www.cisa.gov,JupyterHub / Open OnDemand,2025-09-09T12:00:00+00:00,0.8833,1,1,2,2,Selected
https://www.cisa.gov/news-events/ics-advisories/icsa-25-252-09,Rockwell Automation 1783-NATR,www.cisa.gov,JupyterHub / Open OnDemand,2025-09-09T12:00:00+00:00,0.8833,1,1,2,2,Selected
https://www.cisa.gov/news-events/ics-advisories/icsa-25-252-03,Rockwell Automation Stratix IOS,www.cisa.gov,JupyterHub / Open OnDemand,2025-09-09T12:00:00+00:00,0.8833,1,1,2,2,Selected
https://www.cisa.gov/news-events/ics-advisories/icsa-25-252-04,Rockwell Automation FactoryTalk Optix,www.cisa.gov,JupyterHub / Open OnDemand,2025-09-09T12:00:00+00:00,0.8833,1,1,2,2,Selected
https://www.cisa.gov/news-events/ics-advisories/icsa-25-245-02,Fuji Electric FRENIC-Loader 4,www.cisa.gov,JupyterHub / Open OnDemand,2025-09-02T12:00:00+00:00,0.8832,1,1,2,2,Selected
https://www.cisa.gov/news-events/ics-advisories/icsa-25-245-01,Delta Electronics EIP Builder,www.cisa.gov,JupyterHub / Open OnDemand,2025-09-02T12:00:00+00:00,0.8832,1,1,2,2,Selected
https://www.cisa.gov/news-events/ics-advisories/icsa-25-245-03,SunPower PVS6,www.cisa.gov,JupyterHub / Open OnDemand,2025-09-02T12:00:00+00:00,0.8832,1,1,2,2,Selected
https://www.cisa.gov/news-events/ics-advisories/icsa-25-247-01,Honeywell OneWireless Wireless Device Manager (WDM),www.cisa.gov,JupyterHub / Open OnDemand,2025-09-04T12:00:00+00:00,0.8832,1,1,2,2,Selected
https://www.cisa.gov/news-events/ics-advisories/icsa-25-240-05,Delta Electronics COMMGR,www.cisa.gov,JupyterHub / Open OnDemand,2025-08-28T12:00:00+00:00,0.8831,1,1,2,2,Selected
https://www.cisa.gov/news-events/ics-advisories/icsa-25-240-02,Mitsubishi Electric MELSEC iQ-F Series CPU Module,www.cisa.gov,JupyterHub / Open OnDemand,2025-08-28T12:00:00+00:00,0.8831,1,1,2,2,Selected
https://www.cisa.gov/news-events/ics-advisories/icsa-25-240-06,GE Vernova CIMPLICITY,www.cisa.gov,JupyterHub / Open OnDemand,2025-08-28T12:00:00+00:00,0.8831,1,1,2,2,Selected
https://www.cisa.gov/news-events/ics-advisories/icsa-25-240-04,Delta Electronics CNCSoft-G2,www.cisa.gov,JupyterHub / Open OnDemand,2025-08-28T12:00:00+00:00,0.8831,1,1,2,2,Selected
https://www.cisa.gov/news-events/ics-advisories/icsa-25-240-01,Mitsubishi Electric MELSEC iQ-F Series CPU Module,www.cisa.gov,JupyterHub / Open OnDemand,2025-08-28T12:00:00+00:00,0.8831,1,1,2,3,Selected
https://ubuntu.com/security/notices/USN-7737-1,USN-7737-1: Linux kernel (Azure) vulnerabilities,ubuntu.com,JupyterHub / Open OnDemand,2025-09-03T18:03:06+00:00,0.8308,1,1,2,2,Selected
https://googleprojectzero.blogspot.com/2025/01/windows-bug-class-accessing-trapped-com.html,Windows Bug Class: Accessing Trapped COM Objects with IDispatch,googleprojectzero.blogspot.com,JupyterHub / Open OnDemand,2025-01-30T17:57:00+00:00,0.8247,0,1,1,2,Selected
https://www.huntress.com/blog/akira-ransomware-indicators,Akira Ransomware Indicators | Huntress,www.huntress.com,JupyterHub / Open OnDemand,2024-09-20T00:00:00+00:00,0.7553,1,1,2,2,Selected
https://blog.talosintelligence.com/stopping-ransomware-before-it-starts/,Stopping ransomware before it starts: Lessons from Cisco Talos Incident Response,blog.talosintelligence.com,JupyterHub / Open OnDemand,2025-09-08T10:00:51+00:00,0.7317,1,1,2,2,Selected
https://www.huntress.com/blog/critical-vulnerability-exploitation-of-apache-activemq-cve-2023-46604,Critical Vulnerability: Exploitation of Apache ActiveMQ CVE-2023-46604 | Huntress,www.huntress.com,JupyterHub / Open OnDemand,2023-11-02T00:00:00+00:00,0.6988,1,1,2,2,Selected
https://www.bleepingcomputer.com/news/security/adobe-patches-critical-sessionreaper-flaw-in-magento-ecommerce-platform/,Adobe patches critical SessionReaper flaw in Magento eCommerce platform,www.bleepingcomputer.com,JupyterHub / Open OnDemand,2025-09-09T11:53:53-04:00,0.695,1,1,2,2,Selected
https://blog.jupyter.org/c-in-jupyter-interpreting-c-in-the-web-c9d93542f20b?source=rss----95916e268740---4,C++ in Jupyter — Interpreting C++ in the Web,jupyter.org,JupyterHub / Open OnDemand,2025-06-19T15:29:50+00:00,1.1617,0,0,0,0,Selected
https://blog.jupyter.org/jupyterlab-4-4-and-notebook-7-4-are-available-aca2782d4f3d?source=rss----95916e268740---4,JupyterLab 4.4 and Notebook 7.4 are available!,jupyter.org,JupyterHub / Open OnDemand,2025-05-21T09:54:36+00:00,1.1111,0,1,1,1,Selected
https://blog.jupyter.org/exploring-open-access-art-using-the-deno-jupyter-kernel-da0ad084966e?source=rss----95916e268740---4,Exploring Open Access Art Using the Deno Jupyter Kernel,jupyter.org,JupyterHub / Open OnDemand,2025-04-17T15:27:14+00:00,1.1104,0,1,1,1,Selected
https://blog.jupyter.org/jupyterlite-0-6-0-is-released-b4bc69bfc8f4?source=rss----95916e268740---4,JupyterLite 0.6.0 is released!,jupyter.org,JupyterHub / Open OnDemand,2025-06-12T15:04:52+00:00,1.0616,0,1,1,1,Selected
https://blog.jupyter.org/jupytercon-2025-c654a31a584e?source=rss----95916e268740---4,JupyterCon 2025!,jupyter.org,JupyterHub / Open OnDemand,2025-03-31T21:24:00+00:00,0.9101,0,0,0,0,Selected
https://securelist.com/cookies-and-session-hijacking/117390/,"Cookies and how to bake them: what they are for, associated risks, and what session hijacking has to do with it",securelist.com,JupyterHub / Open OnDemand,2025-09-02T10:00:35+00:00,0.8299,1,0,1,1,Selected
https://blog.jupyter.org/your-ideas-our-support-jupyter-community-call-for-funding-proposals-f4642590ae76?source=rss----95916e268740---4,"Your Ideas, Our Support: Jupyter Community Call For Funding Proposals",jupyter.org,JupyterHub / Open OnDemand,2025-08-28T15:19:58+00:00,0.8298,0,0,0,0,Selected
https://googleprojectzero.blogspot.com/2025/01/windows-exploitation-tricks-trapping.html,Windows Exploitation Tricks: Trapping Virtual Memory Access (2025 Update),googleprojectzero.blogspot.com,JupyterHub / Open OnDemand,2025-01-30T17:57:00+00:00,0.808,0,0,0,0,Selected
https://unit42.paloaltonetworks.com/badsuccessor-attack-vector/,When Good Accounts Go Bad: Exploiting Delegated Managed Service Accounts in Active Directory,unit42.paloaltonetworks.com,JupyterHub / Open OnDemand,2025-08-06T10:00:47+00:00,0.7985,1,0,1,1,Selected
https://www.bleepingcomputer.com/news/security/salesloft-march-github-repo-breach-led-to-salesforce-data-theft-attacks/,Salesloft: March GitHub repo breach led to Salesforce data theft attacks,www.bleepingcomputer.com,JupyterHub / Open OnDemand,2025-09-08T11:43:30-04:00,0.795,1,0,1,1,Selected
https://www.darkreading.com/cyberattacks-data-breaches/salesloft-breached-github-account-compromise,Salesloft Breached via GitHub Account Compromise,www.darkreading.com,JupyterHub / Open OnDemand,2025-09-08T20:17:59+00:00,0.795,1,0,1,1,Selected
https://blog.jupyter.org/jupyter-community-workshops-are-back-3cca15d02975?source=rss----95916e268740---4,Jupyter Community Workshops Are Back!,jupyter.org,JupyterHub / Open OnDemand,2025-08-07T20:03:49+00:00,0.7461,0,0,0,0,Selected
https://blog.jupyter.org/jupyter-community-call-september-2025-e4d2cfa3ea41?source=rss----95916e268740---4,Jupyter Community Call: September 2025,jupyter.org,JupyterHub / Open OnDemand,2025-07-31T15:11:03+00:00,0.7459,0,0,0,0,Selected
https://blog.jupyter.org/jupyter-community-call-june-2025-2a34ba44ca13?source=rss----95916e268740---4,Jupyter Community Call: June 2025,jupyter.org,JupyterHub / Open OnDemand,2025-05-22T15:06:47+00:00,0.7445,0,0,0,0,Selected
https://www.cisa.gov/news-events/alerts/2025/09/03/cisa-nsa-and-global-partners-release-shared-vision-software-bill-materials-sbom-guidance,"CISA, NSA, and Global Partners Release a Shared Vision of Software Bill of Materials (SBOM) Guidance",www.cisa.gov,JupyterHub / Open OnDemand,2025-09-03T12:00:00+00:00,0.7332,1,0,1,1,Selected
https://www.uptycs.com/blog/unleashing-ebpf-capabilities-linux-security,Unleashing eBPF Capabilities for Linux Security with Uptycs,www.uptycs.com,JupyterHub / Open OnDemand,2025-07-16T01:58:47+00:00,0.7281,1,0,1,1,Selected
https://www.huntress.com/blog/the-case-for-sigparser,The Case For SigParser,www.huntress.com,JupyterHub / Open OnDemand,2025-07-18T04:00:00+00:00,0.7281,1,0,1,1,Selected
https://www.uptycs.com/blog/uptycs-linux-edr-leader,Uptycs: Ranked #1 Linux EDR | Uptycs,www.uptycs.com,JupyterHub / Open OnDemand,2025-05-28T15:06:53+00:00,0.7271,1,0,1,1,Selected
https://www.uptycs.com/blog/uptycs-nexus-osquery-fleet-manager,Uptycs Nexus: Simple & Scalable Osquery Fleet Manager,www.uptycs.com,JupyterHub / Open OnDemand,2025-05-19T13:35:18+00:00,0.7269,1,0,1,1,Selected
https://www.uptycs.com/blog/container-escape-vulnerability-detection,Detect Container Escape Vulnerabilities with Osquery,www.uptycs.com,JupyterHub / Open OnDemand,2025-05-06T04:01:05+00:00,0.7266,1,0,1,1,Selected
https://www.uptycs.com/blog/cloud-data-security,Cloud Data Security: Understanding and Protecting Sensitive Data in S3,www.uptycs.com,JupyterHub / Open OnDemand,2025-04-16T15:29:54+00:00,0.7262,1,0,1,1,Selected
https://isc.sans.edu/diary/rss/32262,"From YARA Offsets to Virtual Addresses, (Fri, Sep 5th)",isc.sans.edu,JupyterHub / Open OnDemand,2025-09-05T06:18:43+00:00,0.7158,0,0,0,0,Selected
https://unit42.paloaltonetworks.com/threat-brief-compromised-salesforce-instances/,Threat Brief: Salesloft Drift Integration Used To Compromise Salesforce Instances,unit42.paloaltonetworks.com,JupyterHub / Open OnDemand,2025-09-02T11:00:23+00:00,0.7158,1,0,1,1,Selected
https://unit42.paloaltonetworks.com/genai-phishing-bait/,Fashionable Phishing Bait: GenAI on the Hook,unit42.paloaltonetworks.com,JupyterHub / Open OnDemand,2025-08-19T10:00:02+00:00,0.7155,1,0,1,1,Selected
https://www.bleepingcomputer.com/news/security/hackers-steal-3-325-secrets-in-ghostaction-github-supply-chain-attack/,"Hackers steal 3,325 secrets in GhostAction GitHub supply chain attack",www.bleepingcomputer.com,JupyterHub / Open OnDemand,2025-09-08T15:53:59-04:00,0.7117,1,0,1,1,Selected
https://www.microsoft.com/en-us/security/blog/2025/08/20/quantum-safe-security-progress-towards-next-generation-cryptography/,Quantum-safe security: Progress towards next-generation cryptography,www.microsoft.com,JupyterHub / Open OnDemand,2025-08-20T16:00:00+00:00,0.698,1,0,1,1,Selected
https://blog.talosintelligence.com/cherry-pie-douglas-firs-and-the-last-trip-of-the-summer/,"Cherry pie, Douglas firs and the last trip of the summer",blog.talosintelligence.com,JupyterHub / Open OnDemand,2025-08-21T18:00:29+00:00,0.698,1,0,1,1,Selected
https://blog.talosintelligence.com/revault-when-your-soc-turns-against-you-2/,ReVault! When your SoC turns against you… deep dive edition,blog.talosintelligence.com,JupyterHub / Open OnDemand,2025-08-09T13:00:26+00:00,0.6978,1,0,1,1,Selected
https://blog.talosintelligence.com/revault-when-your-soc-turns-against-you/,ReVault! When your SoC turns against you…,blog.talosintelligence.com,JupyterHub / Open OnDemand,2025-08-05T13:00:55+00:00,0.6977,1,0,1,1,Selected
https://techcommunity.microsoft.com/blog/microsoftthreatprotectionblog/announcing-public-preview-phishing-triage-agent-in-microsoft-defender/4438301,Announcing public preview: Phishing triage agent in Microsoft Defender,www.microsoft.com,JupyterHub / Open OnDemand,2025-08-07T16:00:00+00:00,0.6977,1,0,1,1,Selected
https://blog.talosintelligence.com/ai-wrote-my-code-and-all-i-got-was-this-broken-prototype/,AI wrote my code and all I got was this broken prototype,blog.talosintelligence.com,JupyterHub / Open OnDemand,2025-08-07T18:00:28+00:00,0.6977,1,0,1,1,Selected
https://go.theregister.com/feed/www.theregister.com/2025/09/02/stolen_oauth_tokens_expose_palo/,Stolen OAuth tokens expose Palo Alto customer data,www.theregister.com,JupyterHub / Open OnDemand,2025-09-02T14:55:59+00:00,0.694,0,0,0,0,Selected
https://www.crowdstrike.com/en-us/blog/falcon-prevents-cookie-spider-shamos-delivery-macos/,Falcon Platform Prevents COOKIE SPIDER&rsquo;s SHAMOS Delivery on macOS,www.crowdstrike.com,JupyterHub / Open OnDemand,2025-08-20T00:00:00-05:00,0.691,1,0,1,1,Selected
https://redcanary.com/blog/threat-detection/oauth-app-attacks/,Understanding OAuth application attacks and defenses,redcanary.com,JupyterHub / Open OnDemand,2025-09-04T13:29:03+00:00,0.6808,1,0,1,1,Selected
https://redcanary.com/blog/security-operations/office-hours-august-2025/,Here’s what you missed on Office Hours: August 2025,redcanary.com,JupyterHub / Open OnDemand,2025-08-28T17:07:08+00:00,0.6807,1,0,1,1,Selected
https://thedfirreport.com/2025/06/30/hide-your-rdp-password-spray-leads-to-ransomhub-deployment/,Hide Your RDP: Password Spray Leads to RansomHub Deployment,thedfirreport.com,JupyterHub / Open OnDemand,2025-06-30T00:20:06+00:00,0.6794,1,0,1,1,Selected
https://thedfirreport.com/2025/04/28/navigating-through-the-fog/,Navigating Through The Fog,thedfirreport.com,JupyterHub / Open OnDemand,2025-04-28T00:03:02+00:00,0.6781,1,0,1,1,Selected
https://securelist.com/godrat/117119/,GodRAT – New RAT targeting financial institutions,securelist.com,JupyterHub / Open OnDemand,2025-08-19T10:00:05+00:00,0.663,1,0,1,1,Selected
https://blog.jupyter.org/congratulations-distinguished-contributors-2504029fc5a9?source=rss----95916e268740---4,"Congratulations, Distinguished Contributors!",jupyter.org,JupyterHub / Open OnDemand,2025-05-15T15:15:28+00:00,0.661,0,0,0,0,Selected
https://www.sentinelone.com/labs/freedrain-unmasked-uncovering-an-industrial-scale-crypto-theft-network/,FreeDrain Unmasked | Uncovering an Industrial-Scale Crypto Theft Network,www.sentinelone.com,JupyterHub / Open OnDemand,2025-05-08T13:55:29+00:00,0.6608,1,0,1,1,Selected
https://www.sentinelone.com/labs/labscon24-replay-a-walking-red-flag-with-yellow-stars/,LABScon24 Replay | A Walking Red Flag (With Yellow Stars),www.sentinelone.com,JupyterHub / Open OnDemand,2025-03-31T13:00:23+00:00,0.6601,1,0,1,1,Selected
https://www.uptycs.com/blog/from-code-to-container-security-pipeline,From Code to Container: Secure CI/CD with Policies,www.uptycs.com,JupyterHub / Open OnDemand,2025-09-09T13:09:05+00:00,0.6458,1,0,1,1,Selected
https://www.troyhunt.com/weekly-update-468/,Weekly Update 468,www.troyhunt.com,JupyterHub / Open OnDemand,2025-09-07T08:08:09+00:00,0.6458,0,0,0,0,Selected
https://www.huntress.com/blog/what-is-sso-login,What Is Single Sign-On? The Practical Guide | Huntress,www.huntress.com,JupyterHub / Open OnDemand,2025-09-08T17:00:00+00:00,0.6458,1,0,1,1,Selected
https://www.schneier.com/blog/archives/2025/09/my-latest-book-rewiring-democracy.html,My Latest Book: Rewiring Democracy,www.schneier.com,JupyterHub / Open OnDemand,2025-09-05T19:00:22+00:00,0.6458,1,0,1,1,Selected
https://www.huntress.com/blog/huntress-top-ten-decade-in-cybersecurity,"Ten Years of Resilience, Innovation & Community-Driven Defense",www.huntress.com,JupyterHub / Open OnDemand,2025-08-25T05:00:00+00:00,0.6456,1,0,1,1,Selected
https://www.huntress.com/blog/hollywood-hacking-scenes-we-loved-tradecraft-tuesday-recap,What Hollywood Movies Get Right (and Wrong) About Hacking,www.huntress.com,JupyterHub / Open OnDemand,2025-08-11T15:00:00+00:00,0.6453,1,0,1,1,Selected
https://googleprojectzero.blogspot.com/2025/07/reporting-transparency.html,Policy and Disclosure: 2025 Edition,googleprojectzero.blogspot.com,JupyterHub / Open OnDemand,2025-07-29T14:54:00+00:00,0.645,0,0,0,0,Selected
https://www.troyhunt.com/good-riddance-teespring-hello-fourthwall/,"Good Riddance Teespring, Hello Fourthwall",www.troyhunt.com,JupyterHub / Open OnDemand,2025-07-21T08:24:46+00:00,0.6448,0,0,0,0,Selected
https://www.huntress.com/blog/huntress-microsoft-collaborate-to-boost-business-security,Huntress Collabs with Microsoft to Boost Business Security,www.huntress.com,JupyterHub / Open OnDemand,2025-07-14T05:00:00+00:00,0.6447,1,0,1,1,Selected
https://www.huntress.com/blog/how-proactive-account-review-uncovered-unauthorized-surveillance-tools,Proactive Account Review Uncovers Unauthorized Surveillance Tools,www.huntress.com,JupyterHub / Open OnDemand,2025-06-17T05:00:00+00:00,0.6442,1,0,1,1,Selected
https://www.uptycs.com/blog/code-to-cloud-posture-management,Code-to-Cloud Posture Management | Uptycs,www.uptycs.com,JupyterHub / Open OnDemand,2025-06-18T02:12:37+00:00,0.6442,1,0,1,1,Selected
https://www.huntress.com/blog/introducing-threat-simulator-from-huntress-managed-sat,Introducing Threat Simulator for Better Employee Security Awareness Training. Start Your Trial Today.,www.huntress.com,JupyterHub / Open OnDemand,2025-06-10T05:00:00+00:00,0.644,1,0,1,1,Selected
https://www.huntress.com/blog/post-exploitation-activities-observed-from-samsung-magicinfo-9-server-flaw,Post-Exploitation Activities Observed from the Samsung MagicINFO 9 Server Flaw,www.huntress.com,JupyterHub / Open OnDemand,2025-05-09T05:00:00+00:00,0.6434,1,0,1,1,Selected
https://www.uptycs.com/blog/improved-uptycs-platform-ui,Introducing the Improved Uptycs Platform UI,www.uptycs.com,JupyterHub / Open OnDemand,2025-05-05T13:00:00+00:00,0.6433,1,0,1,1,Selected
https://www.huntress.com/blog/rapid-response-samsung-magicinfo9-server-flaw,Rapid Response: Samsung MagicINFO 9 Server Flaw,www.huntress.com,JupyterHub / Open OnDemand,2025-05-07T05:00:00+00:00,0.6433,1,0,1,1,Selected
https://www.huntress.com/blog/protect-against-identity-threats-with-managed-itdr-and-rogue-apps,"Identity Threats Got a Whole Lot Nastier, But So Did We",www.huntress.com,JupyterHub / Open OnDemand,2025-04-28T05:00:00+00:00,0.6431,1,0,1,1,Selected
https://www.huntress.com/blog/why-app-allowlisting-and-zero-trust-solutions-alone-wont-save-you,Why App Allowlisting and Zero Trust Solutions Alone Won’t Save You,www.huntress.com,JupyterHub / Open OnDemand,2025-04-16T05:00:00+00:00,0.6429,1,0,1,1,Selected
https://www.uptycs.com/blog/uptycs-incident-response-detection-and-recovery,Strengthening Incident Response: How Uptycs Enables End-to-End Visibility and Control,www.uptycs.com,JupyterHub / Open OnDemand,2025-04-08T01:25:48+00:00,0.6427,1,0,1,1,Selected
https://www.huntress.com/blog/scalable-edr-advanced-agent-analytics-with-clickhouse,Scalable EDR Advanced Agent Analytics with ClickHouse,www.huntress.com,JupyterHub / Open OnDemand,2025-04-01T05:00:00+00:00,0.6426,1,0,1,1,Selected
https://www.huntress.com/blog/never-just-one-termite-6-months-of-researching-oauth-application-attacks,6 Months of Researching OAuth Application Attacks | Huntress,www.huntress.com,JupyterHub / Open OnDemand,2025-02-10T00:00:00+00:00,0.6416,1,0,1,1,Selected
https://www.uptycs.com/blog/kubernetes-deployment-patterns-security,Kubernetes Security: Flexible Deployment Patterns Guide,www.uptycs.com,JupyterHub / Open OnDemand,2025-02-05T15:26:31+00:00,0.6415,1,0,1,1,Selected
https://www.huntress.com/blog/oh-auth-2-0-device-code-phishing-in-google-cloud-and-azure,Device Code Phishing in Google Cloud and Azure | Huntress,www.huntress.com,JupyterHub / Open OnDemand,2025-02-06T00:00:00+00:00,0.6415,1,0,1,1,Selected
https://www.uptycs.com/blog/uptycs-gke-security-autopilot-kubernetes-protection,Uptycs Container Security Platform Announces GKE Autopilot Compatibility for Enhanced GKE Security,www.uptycs.com,JupyterHub / Open OnDemand,2025-01-31T14:11:56+00:00,0.6414,1,0,1,1,Selected
https://www.huntress.com/blog/make-your-microsoft-security-tools-come-to-life-with-huntress,Make Your Microsoft Security Tools Come to Life With Huntress | Huntress,www.huntress.com,JupyterHub / Open OnDemand,2024-11-19T00:00:00+00:00,0.6399,1,0,1,1,Selected
https://www.huntress.com/blog/the-evolution-of-the-huntress-neighborhood-watch-program,The Evolution of the Huntress Neighborhood Watch Program | Huntress,www.huntress.com,JupyterHub / Open OnDemand,2024-11-05T19:57:41+00:00,0.6396,1,0,1,1,Selected
https://www.huntress.com/blog/unmasking-the-central-villain-inside-adversary-in-the-middle-attacks,Inside Adversary-in-the-Middle Attacks | Huntress,www.huntress.com,JupyterHub / Open OnDemand,2024-10-15T00:00:00+00:00,0.6392,1,0,1,1,Selected
https://www.huntress.com/blog/what-is-behavioral-analysis-in-cybersecurity,What is Behavioral Analysis in Cybersecurity? | Huntress,www.huntress.com,JupyterHub / Open OnDemand,2024-10-10T00:00:00+00:00,0.639,1,0,1,1,Selected
https://www.huntress.com/blog/friendly-reminder-sat-can-be-enjoyable,Friendly Reminder: SAT Can Be Enjoyable | Huntress,www.huntress.com,JupyterHub / Open OnDemand,2024-09-26T00:00:00+00:00,0.6388,1,0,1,1,Selected
https://www.huntress.com/blog/youre-the-why-behind-the-huntress-hub,You’re the “Why” Behind the Huntress Hub | Huntress,www.huntress.com,JupyterHub / Open OnDemand,2024-09-10T00:00:00+00:00,0.6384,1,0,1,1,Selected
https://www.huntress.com/blog/unwanted-access-protecting-against-the-growing-threat-of-session-hijacking-and-credential-theft,Unwanted Access: Protecting Against the Growing Threat of Session Hijacking and Credential Theft | Huntress,www.huntress.com,JupyterHub / Open OnDemand,2024-08-21T00:00:00+00:00,0.638,1,0,1,1,Selected
https://www.huntress.com/blog/dmxprotect-stop-drop-shut-malware-down-before-it-opens-up-shop,"dmXProtect: Stop, Drop, Shut Malware Down",www.huntress.com,JupyterHub / Open OnDemand,2023-06-28T00:00:00+00:00,0.6296,1,0,1,1,Selected
https://krebsonsecurity.com/2025/09/the-ongoing-fallout-from-a-breach-at-ai-chatbot-maker-salesloft/,The Ongoing Fallout from a Breach at AI Chatbot Maker Salesloft,krebsonsecurity.com,JupyterHub / Open OnDemand,2025-09-01T21:55:04+00:00,0.6283,1,0,1,1,Selected
https://www.bleepingcomputer.com/news/security/massive-calcio-sports-streaming-piracy-service-with-123m-yearly-visits-shut-down/,Sports streaming piracy service with 123M yearly visits shut down,www.bleepingcomputer.com,JupyterHub / Open OnDemand,2025-09-08T14:12:57-04:00,0.6283,1,0,1,1,Selected
https://www.darkreading.com/cybersecurity-operations/public-file-leaks-azure-activedirectory-credentials,JSON Config File Leaks Azure ActiveDirectory Credentials,www.darkreading.com,JupyterHub / Open OnDemand,2025-09-02T11:52:51+00:00,0.6282,1,0,1,1,Selected
https://www.darkreading.com/cyberattacks-data-breaches/hackers-sophisticated-impatient-good,Hackers Are Sophisticated &amp; Impatient — That Can Be Good,www.darkreading.com,JupyterHub / Open OnDemand,2025-09-02T14:00:00+00:00,0.6282,1,0,1,1,Selected
https://krebsonsecurity.com/2025/07/scammers-unleash-flood-of-slick-online-gaming-sites/,Scammers Unleash Flood of Slick Online Gaming Sites,krebsonsecurity.com,JupyterHub / Open OnDemand,2025-07-30T18:46:34+00:00,0.6276,1,0,1,1,Selected
https://www.huntress.com/blog/endpoint-detection-and-response-edr-under-the-hood,What Endpoint Detection and Response (EDR) Looks Like Under the Hood | Huntress,www.huntress.com,JupyterHub / Open OnDemand,2023-02-23T00:00:00+00:00,0.6272,1,0,1,1,Selected
https://www.huntress.com/blog/going-the-distance-cyber-predictions-for-2023,Going the Distance: Cyber Predictions for 2023 | Huntress,www.huntress.com,JupyterHub / Open OnDemand,2023-01-03T00:00:00+00:00,0.6262,1,0,1,1,Selected
https://www.huntress.com/blog/macos-support-is-here,macOS Support Is Here! | Huntress,www.huntress.com,JupyterHub / Open OnDemand,2022-11-01T00:00:00+00:00,0.625,1,0,1,1,Selected
https://www.huntress.com/blog/introducing-the-huntress-neighborhood-watch-program,Introducing the Huntress Neighborhood Watch Program | Huntress,www.huntress.com,JupyterHub / Open OnDemand,2022-07-12T00:00:00+00:00,0.6228,1,0,1,1,Selected
https://www.huntress.com/blog/one-year-later-lessons-learned-from-the-colonial-pipeline-cyberattack,One Year Later: Lessons Learned from the Colonial Pipeline Cyberattack | Huntress,www.huntress.com,JupyterHub / Open OnDemand,2022-05-05T00:00:00+00:00,0.6215,1,0,1,1,Selected
https://www.huntress.com/blog/a-day-in-the-life-of-a-security-researcher,A Day in the Life of a Security Researcher | Huntress,www.huntress.com,JupyterHub / Open OnDemand,2022-03-29T00:00:00+00:00,0.6208,1,0,1,1,Selected
https://www.huntress.com/blog/targeted-apt-activity-babyshark-is-out-for-blood,Targeted APT Activity: BABYSHARK Is Out for Blood | Huntress,www.huntress.com,JupyterHub / Open OnDemand,2022-03-01T00:00:00+00:00,0.6203,1,0,1,1,Selected
https://www.huntress.com/blog/a-recap-of-events-and-lessons-learned-during-the-kaseya-vsa-supply-chain-attack,Lessons Learned During the Kaseya VSA Supply Chain Attack | Huntress,www.huntress.com,JupyterHub / Open OnDemand,2021-07-28T00:00:00+00:00,0.6161,1,0,1,1,Selected
https://www.huntress.com/blog/cybersecurity-lessons-we-learned-from-hack-it-2020,Cybersecurity Lessons We Learned from hack_it 2020 | Huntress,www.huntress.com,JupyterHub / Open OnDemand,2020-10-22T00:00:00+00:00,0.611,1,0,1,1,Selected
https://go.theregister.com/feed/www.theregister.com/2025/09/08/drift_breach_entry_salesloft_github/,Drift massive attack traced back to loose Salesloft GitHub account,www.theregister.com,JupyterHub / Open OnDemand,2025-09-08T19:52:03+00:00,0.6108,0,0,0,0,Selected
https://www.zdnet.com/article/yes-you-can-run-windows-apps-on-linux-here-are-my-top-5-ways/,"Yes, you can run Windows apps on Linux  - here are my top 5 ways",www.zdnet.com,JupyterHub / Open OnDemand,2025-09-08T16:50:34+00:00,0.6108,1,0,1,1,Selected
