URL,category,title,source_domain,status,reason,txt_path
https://ubuntu.com/security/notices/USN-7735-1,SSH & Credential Abuse,USN-7735-1: RubyGems vulnerabilities,ubuntu.com,ok,,artifacts/txt/804c5c826e9635ea39cd64dd85d47ad060fd0757.txt
https://ubuntu.com/security/notices/USN-7734-1,SSH & Credential Abuse,USN-7734-1: Ruby vulnerabilities,ubuntu.com,ok,,artifacts/txt/795c83828299e8eb57c566d9d6c2ae9e36c503ac.txt
https://www.huntress.com/blog/everything-we-know-about-cve-2023-23397,SSH & Credential Abuse,Everything We Know About CVE-2023-23397 | Huntress,www.huntress.com,ok,,artifacts/txt/2f02aaa4490dd2202b4bd4fe708dec4d92a45a91.txt
https://unit42.paloaltonetworks.com/erlang-otp-cve-2025-32433/,SSH & Credential Abuse,Keys to the Kingdom: Erlang/OTP SSH Vulnerability Analysis and Exploits Observed in the Wild,unit42.paloaltonetworks.com,ok,,artifacts/txt/40c96d4587428ca9258704269eb9099ec3bb259d.txt
https://unit42.paloaltonetworks.com/attackers-sell-your-bandwidth-using-sdks/,SSH & Credential Abuse,"Your Connection, Their Cash: Threat Actors Misuse SDKs to Sell Your Bandwidth",unit42.paloaltonetworks.com,ok,,artifacts/txt/4d572ec6fb29868a1c462f1c0fc51cd29b8e27f7.txt
https://www.huntress.com/blog/exploitation-of-sonicwall-vpn,SSH & Credential Abuse,Active Exploitation of SonicWall VPNs,www.huntress.com,ok,,artifacts/txt/d9227e548a363568f82f44964edd90f06ce45d17.txt
https://ubuntu.com/security/notices/USN-7741-1,SSH & Credential Abuse,USN-7741-1: PostgreSQL vulnerabilities,ubuntu.com,ok,,artifacts/txt/65f941bfaa120102a33837ecd9780d29110f57a4.txt
https://ubuntu.com/security/notices/USN-7725-3,SSH & Credential Abuse,USN-7725-3: Linux kernel vulnerabilities,ubuntu.com,ok,,artifacts/txt/5340ce036af46a677f2fc70c2c495c800d03ed4d.txt
https://ubuntu.com/security/notices/USN-7731-1,SSH & Credential Abuse,USN-7731-1: KMail vulnerabilities,ubuntu.com,ok,,artifacts/txt/23133c437ae6f36d9c12efc19f04be8284e0ac33.txt
https://ubuntu.com/security/notices/USN-7629-2,SSH & Credential Abuse,USN-7629-2: Protocol Buffers vulnerabilities,ubuntu.com,ok,,artifacts/txt/89ec142be810f7f29c4ad3afe826a96a9cfb3a3d.txt
https://ubuntu.com/security/notices/USN-7648-3,SSH & Credential Abuse,USN-7648-3: PHP regression,ubuntu.com,ok,,artifacts/txt/7fea27649543dda33d5916cbe8683fbee6b64342.txt
https://www.microsoft.com/en-us/security/blog/2025/08/26/securing-and-governing-the-rise-of-autonomous-agents/,SSH & Credential Abuse,Securing and governing the rise of autonomous agents​​,www.microsoft.com,ok,,artifacts/txt/f5404bf90fd999f4a4f3036575089542382b6708.txt
https://blog.qualys.com/category/product-tech/vulnmgmt-detection-response,SSH & Credential Abuse,CVE-2025-8088 WinRAR Exploit: From Zero-Day to Zero-Risk with TruRisk™ Eliminate,blog.qualys.com,ok,,artifacts/txt/65fda08d45641a95273c5106dc1c360b2dd86d6a.txt
https://securelist.com/pipemagic/117270/,SSH & Credential Abuse,Evolution of the PipeMagic backdoor: from the RansomExx incident to CVE-2025-29824,securelist.com,ok,,artifacts/txt/8126896bb329feda4234981dfb01d6277e03e96d.txt
https://www.crowdstrike.com/en-us/blog/next-gen-identity-security-unifies-protection-across-all-identities-domains/,SSH & Credential Abuse,Falcon Next-Gen Identity Security Unifies Protection Across All Identities and Domains,www.crowdstrike.com,ok,,artifacts/txt/460343c6a78591dbb62cb4c1718e8d8ad675b3ce.txt
https://www.huntress.com/blog/wing-ftp-server-remote-code-execution-cve-2025-47812-exploited-in-wild,SSH & Credential Abuse,Wing FTP Server Remote Code Execution (CVE-2025-47812) Exploited in the Wild,www.huntress.com,ok,,artifacts/txt/3ae5b62a0dd67136794efb3caf928164e6a2b74e.txt
https://www.huntress.com/blog/do-tigers-really-change-their-stripes,SSH & Credential Abuse,Do Tigers Really Change Their Stripes?,www.huntress.com,ok,,artifacts/txt/d5f86be646cf7ccf5c9b1890be2b7339254bc133.txt
https://www.huntress.com/blog/cve-2025-30406-critical-gladinet-centrestack-triofox-vulnerability-exploited-in-the-wild,SSH & Credential Abuse,CVE-2025-30406 - Critical Gladinet CentreStack & Triofox Vulnerability Exploited In The Wild,www.huntress.com,ok,,artifacts/txt/8ac5c4774b67cc08580bd81101963c4dd5f6b78c.txt
https://www.huntress.com/blog/crushftp-cve-2025-31161-auth-bypass-and-post-exploitation,SSH & Credential Abuse,CrushFTP CVE-2025-31161 Auth Bypass and Post-Exploitation,www.huntress.com,ok,,artifacts/txt/9e97dd242894b9addd37a78a0d1dfbccc6d6f0ec.txt
https://www.huntress.com/blog/threat-advisory-oh-no-cleo-cleo-software-actively-being-exploited-in-the-wild,SSH & Credential Abuse,Cleo Software Actively Being Exploited in the Wild CVE-2024-55956 | Huntress,www.huntress.com,ok,,artifacts/txt/d4632831eb7d1759a857da528090dd741ffeb9df.txt
https://www.huntress.com/blog/cleo-software-vulnerability-malware-analysis,SSH & Credential Abuse,Cleo Malichus Malware Analysis CVE-2024-55956| Huntress,www.huntress.com,ok,,artifacts/txt/b8415a9af08b42c5e555463f532e3ddb9b3d4284.txt
https://www.huntress.com/blog/slashandgrab-screen-connect-post-exploitation-in-the-wild-cve-2024-1709-cve-2024-1708,SSH & Credential Abuse,SlashAndGrab: ScreenConnect Post-Exploitation in the Wild (CVE-2024-1709 & CVE-2024-1708) | Huntress,www.huntress.com,ok,,artifacts/txt/0c66e947d6dc498223e42356d6833783a2bc7c65.txt
https://www.huntress.com/blog/a-catastrophe-for-control-understanding-the-screenconnect-authentication-bypass,SSH & Credential Abuse,Understanding the ConnectWise ScreenConnect CVE-2024-1709 & CVE-2024-1708 | Huntress,www.huntress.com,ok,,artifacts/txt/5cae8f234bd9230fc5c3cec222f7b7c1e86e2a24.txt
https://www.huntress.com/blog/mft-exploitation-and-adversary-operations,SSH & Credential Abuse,MFT Exploitation and Adversary Operations | Huntress,www.huntress.com,ok,,artifacts/txt/aad0c093d330c36a58ac5fabe9994f77b8a3af11.txt
https://www.huntress.com/blog/critical-vulnerability-sysaid-cve-2023-47246,SSH & Credential Abuse,Critical Vulnerability: SysAid CVE-2023-47246 | Huntress,www.huntress.com,ok,,artifacts/txt/5ee5f98ad6c84e053fbd325609f456c42d54d491.txt
https://www.huntress.com/blog/critical-vulnerability-webp-heap-buffer-overflow-cve-2023-4863,SSH & Credential Abuse,Critical Vulnerability: WebP Heap Buffer Overflow (CVE-2023-4863) | Huntress,www.huntress.com,ok,,artifacts/txt/84afb5b25ae198300bea45d203d01f5ce603d4a4.txt
https://www.huntress.com/blog/another-papercut-cve-2023-39143-remote-code-execution,SSH & Credential Abuse,Another PaperCut: CVE-2023-39143 Remote Code Execution | Huntress,www.huntress.com,ok,,artifacts/txt/088f2664acc8d76c230667a27a9d1a61d3d75292.txt
https://www.huntress.com/blog/moveit-transfer-critical-vulnerability-rapid-response,SSH & Credential Abuse,MOVEit Transfer Critical Vulnerability CVE-2023-34362 Rapid Response,www.huntress.com,ok,,artifacts/txt/e681e5ea9b4177596213594de3317729c6f5145d.txt
https://www.darkreading.com/vulnerabilities-threats/sap-4hana-vulnerability-under-attack,SSH & Credential Abuse,"Critical SAP S/4HANA Vulnerability Under Attack, Patch Now",www.darkreading.com,fail,HTTPError,
https://www.huntress.com/blog/veeam-backup-replication-cve-2023-27532-response,SSH & Credential Abuse,Veeam Backup & Replication CVE-2023-27532 Response | Huntress,www.huntress.com,ok,,artifacts/txt/02590ca21f45a5be286264c5f67ab77ff8de3f0b.txt
https://www.huntress.com/blog/rapid-response-critical-rce-vulnerability-is-affecting-java,SSH & Credential Abuse,Critical RCE Vulnerability Updates (log4j - CVE-2021-44228) | Huntress,www.huntress.com,ok,,artifacts/txt/1f6a1a52498ee515a7d1361e66fdc7d03b4f7b6f.txt
https://www.huntress.com/blog/critical-rce-vulnerability-log4j-cve-2021-44228,SSH & Credential Abuse,Critical RCE Vulnerability: log4j - CVE-2021-44228 | Huntress,www.huntress.com,ok,,artifacts/txt/76ee1ae176d39a96758425a89fea53da45df6cb8.txt
https://www.huntress.com/blog/cybersecurity-advisory-hackers-are-exploiting-cve-2021-40444,SSH & Credential Abuse,Threat Advisory: Hackers Are Exploiting CVE-2021-40444 | Huntress,www.huntress.com,ok,,artifacts/txt/ae0469403eae37b5c8fb99aa23b5ea33d15e611b.txt
https://www.huntress.com/blog/utilizing-asns-for-hunting-and-response,SSH & Credential Abuse,Utilizing ASNs for Hunting & Response,www.huntress.com,ok,,artifacts/txt/799d2d9d0200f7323c777b04b167db000e4cacff.txt
https://www.huntress.com/blog/mssql-to-screenconnect,SSH & Credential Abuse,MSSQL to ScreenConnect | Huntress,www.huntress.com,ok,,artifacts/txt/b836a8f82f437411e07cd3faceb6a892abf18122.txt
https://www.huntress.com/blog/time-travelers-busted-how-to-detect-impossible-travel-,SSH & Credential Abuse,Time Travelers Busted: How to Detect Impossible Travel | Huntress,www.huntress.com,ok,,artifacts/txt/79ce36125a93db3692a2838a56303c39b1073257.txt
https://www.huntress.com/blog/cve-2017-18362-arbitrary-sql-injection-in-mangeditsync-integration-ba142ff24f4d,SSH & Credential Abuse,CVE-2017-18362: Arbitrary SQL Execution in ManagedITSync Integration,www.huntress.com,ok,,artifacts/txt/6b575ce8f08af83ae87dab929d5c2bbc0cb81849.txt
https://www.huntress.com/blog/exploring-the-value-of-indicators-in-small-business-defense,SSH & Credential Abuse,Exploring the Value of Indicators In Small Business Defense,www.huntress.com,ok,,artifacts/txt/66456dce0464b7e12ec74768ff32bcfd5d276910.txt
https://securelist.com/new-phishing-and-scam-trends-in-2025/117217/,SSH & Credential Abuse,New trends in phishing and scams: how AI and social media are changing the game,securelist.com,ok,,artifacts/txt/345ab15727b6ed67f44b260564c3cd1dbd7f6e5c.txt
https://www.darkreading.com/threat-intelligence/new-domains-salt-typhoon-unc4841,SSH & Credential Abuse,"45 New Domains Linked to Salt Typhoon, UNC4841",www.darkreading.com,fail,HTTPError,
https://www.huntress.com/blog/hackers-no-hashing-randomizing-api-hashes-to-evade-cobalt-strike-shellcode-detection,SSH & Credential Abuse,Hackers No Hashing: Randomizing API Hashes to Evade Cobalt Strike Shellcode Detection,www.huntress.com,ok,,artifacts/txt/7d15a5c35204b3c91949a072fabe8cc07766ee1c.txt
https://www.huntress.com/blog/snakes-on-a-domain-an-analysis-of-a-python-malware-loader,SSH & Credential Abuse,Snakes on a Domain: An Analysis of a Python Malware Loader | Huntress,www.huntress.com,ok,,artifacts/txt/9c33457bcd9b0df1d25e0ddb12e35654ca1f3dd9.txt
https://www.huntress.com/blog/rapid-response-mass-exploitation-of-on-prem-exchange-servers,SSH & Credential Abuse,Rapid Response: Mass Exploitation of On-Prem Exchange Servers | Huntress,www.huntress.com,ok,,artifacts/txt/5dd19618fa8f3a55ee024f2cf9133f3b86baf7d5.txt
https://www.huntress.com/blog/the-hunt-for-redcurl-2,SSH & Credential Abuse,Hunt for RedCurl | Huntress,www.huntress.com,ok,,artifacts/txt/9cbe0e66e770d3798f2596693338ec21a3568908.txt
https://www.huntress.com/blog/recutting-the-kerberos-diamond-ticket,SSH & Credential Abuse,Recutting the Kerberos Diamond Ticket,www.huntress.com,ok,,artifacts/txt/cad023bae428765295dc639038b950b46384ead2.txt
https://www.huntress.com/blog/perfmon-what-is-it-good-for,SSH & Credential Abuse,PerfMon! What Is It Good For? | Huntress,www.huntress.com,ok,,artifacts/txt/b7e5c67a76fdfcc2ec9b6df01c1e98c3a44a5986.txt
https://www.huntress.com/blog/hunting-for-m365-password-spraying,SSH & Credential Abuse,Hunting for M365 Password Spraying | Huntress,www.huntress.com,ok,,artifacts/txt/3e11bbf94ff06f81e6676567a609c9ab5794c521.txt
https://krebsonsecurity.com/2025/09/gop-cries-censorship-over-spam-filters-that-work/,SSH & Credential Abuse,GOP Cries Censorship Over Spam Filters That Work,krebsonsecurity.com,ok,,artifacts/txt/fa9a89a767542455ad2d2769944a055ff9481d9a.txt
https://www.sentinelone.com/labs/akirabot-ai-powered-bot-bypasses-captchas-spams-websites-at-scale/,SSH & Credential Abuse,"AkiraBot | AI-Powered Bot Bypasses CAPTCHAs, Spams Websites At Scale",www.sentinelone.com,ok,,artifacts/txt/010f1d5b7f40da2208738e408c91a55d95b2ef40.txt
https://www.huntress.com/blog/what-is-multi-factor-authentication,SSH & Credential Abuse,What Is Multi-Factor Authentication (MFA)? | Huntress,www.huntress.com,ok,,artifacts/txt/3f9cf89307083b52df6fc3df73b51aa9f4b982b5.txt
https://www.huntress.com/blog/debunking-microsoft-365-identity-myths,SSH & Credential Abuse,Debunking Microsoft 365 & Identity Myths,www.huntress.com,ok,,artifacts/txt/c2da88cdd54555b6cf866f816f3e5c776e48dede.txt
https://www.schneier.com/blog/archives/2025/09/indirect-prompt-injection-attacks-against-llm-assistants.html,SSH & Credential Abuse,Indirect Prompt Injection Attacks Against LLM Assistants,www.schneier.com,ok,,artifacts/txt/8328fd86284b47577182429ff100b6bb2fbae962.txt
https://www.huntress.com/blog/improving-security-with-sso-and-mfa,SSH & Credential Abuse,"SSO vs. MFA: Key Differences, Compared + Explained | Huntress",www.huntress.com,ok,,artifacts/txt/5d286d8eb557dfada35c7a7b003e3f7ac5bd05f1.txt
https://www.huntress.com/blog/demystifying-multi-factor-authentication-for-businesses,SSH & Credential Abuse,"MFA for Business: Benefits, Methods & Why It Still Matters",www.huntress.com,ok,,artifacts/txt/fdbf2aaa1bba16f68bc17ab55f1838a3f770e0d3.txt
https://www.huntress.com/blog/huntress-top-cyber-hygiene-tips,SSH & Credential Abuse,Top Cyber Hygiene Tips for Better Digital Security,www.huntress.com,ok,,artifacts/txt/367c248a6e134688c2d9c311ce6cbaee773e7d08.txt
https://www.huntress.com/blog/brute-force-or-something-more-ransomware-initial-access-brokers-exposed,SSH & Credential Abuse,Ransomware Initial Access Brokers Exposed,www.huntress.com,ok,,artifacts/txt/bbbd40a2ca47e0ff326df6f224efc8484537e38f.txt
https://www.huntress.com/blog/credential-theft-expanding-your-reach,SSH & Credential Abuse,Credential Theft: Expanding Your Reach,www.huntress.com,ok,,artifacts/txt/0a98c5ce7fb3b8e8f3b04bf49be0c259ba2d10f4.txt
https://www.huntress.com/blog/to-mfa-or-not-to-mfa-how-multi-factor-authentication-saves-the-smb,SSH & Credential Abuse,To MFA or Not To MFA: How Multi-factor Authentication Saves the SMB | Huntress,www.huntress.com,ok,,artifacts/txt/b83372f2740cda5d28811585ca5a96766554d25c.txt
https://www.huntress.com/blog/healthcare-in-the-crosshairs-insights-from-our-2024-cyber-threat-report,SSH & Credential Abuse,Healthcare in the Crosshairs: Insights from Our 2024 Cyber Threat Report | Huntress,www.huntress.com,ok,,artifacts/txt/56d31645f863e6e77a6437f58c7ea5318020ee7e.txt
https://unit42.paloaltonetworks.com/threat-intelligence-interns/,SSH & Credential Abuse,Why Threat Intelligence: A Conversation With Unit 42 Interns,unit42.paloaltonetworks.com,ok,,artifacts/txt/20b8c591f5b66d182b10470c7e03eaadd549a4d9.txt
https://unit42.paloaltonetworks.com/model-namespace-reuse/,SSH & Credential Abuse,Model Namespace Reuse: An AI Supply-Chain Attack Exploiting Model Name Trust,unit42.paloaltonetworks.com,ok,,artifacts/txt/7ab6bf8262323638797861f3bb43eb3f7ee5a952.txt
https://unit42.paloaltonetworks.com/threat-brief-sap-netweaver-cve-2025-31324/,SSH & Credential Abuse,Read now,unit42.paloaltonetworks.com,ok,,artifacts/txt/86de21014cd1dcf6d0a03deee54244cb754e7d78.txt
https://unit42.paloaltonetworks.com/2025-unit-42-global-incident-response-report-social-engineering-edition/,SSH & Credential Abuse,,unit42.paloaltonetworks.com,ok,,artifacts/txt/49d7e09908f669a7fc482d30a9242e1e17a2f8fb.txt
https://unit42.paloaltonetworks.com/retail-hospitality-heists-in-the-digital-age/,SSH & Credential Abuse,Data Is the New Diamond: Heists in the Digital Age,unit42.paloaltonetworks.com,ok,,artifacts/txt/406290b4a826f00692ea64376e9b77938e538ab9.txt
https://unit42.paloaltonetworks.com/introducing-insights/,SSH & Credential Abuse,Insights: Telling You What We Really Think,unit42.paloaltonetworks.com,ok,,artifacts/txt/21129b5e6d7498e15351f6752f32c701da27a7a5.txt
https://unit42.paloaltonetworks.com/logit-gap-steering-impact/,SSH & Credential Abuse,Logit-Gap Steering: A New Frontier in Understanding and Probing LLM Safety,unit42.paloaltonetworks.com,ok,,artifacts/txt/57743922ed3a212719c536e50b4c7027345c6a5f.txt
https://unit42.paloaltonetworks.com/muddled-libras-strike-teams/,SSH & Credential Abuse,Muddled Libra’s Strike Teams: Amalgamated Evil,unit42.paloaltonetworks.com,ok,,artifacts/txt/2fdc84c442c5e56e630d05fe780c0d8585d372ba.txt
https://unit42.paloaltonetworks.com/donut-malware-analysis-tutorial/,SSH & Credential Abuse,A Mega Malware Analysis Tutorial Featuring Donut-Generated Shellcode,unit42.paloaltonetworks.com,ok,,artifacts/txt/773a8fbcbb9b7a12dd0cbd3726e500b3c59094e3.txt
https://unit42.paloaltonetworks.com/new-darkcloud-stealer-infection-chain/,SSH & Credential Abuse,New Infection Chain and ConfuserEx-Based Obfuscation for DarkCloud Stealer,unit42.paloaltonetworks.com,ok,,artifacts/txt/e5af388ff93636d577d69fd389d9b0952e2a0a48.txt
https://unit42.paloaltonetworks.com/why-the-focus-on-muddled-libra/,SSH & Credential Abuse,Muddled Libra: Why Are We So Obsessed With You?,unit42.paloaltonetworks.com,ok,,artifacts/txt/ea78a39bbf68dded2ba593337efeb491c9b35ac1.txt
https://www.bleepingcomputer.com/news/security/icloud-calendar-abused-to-send-phishing-emails-from-apples-servers/,SSH & Credential Abuse,iCloud Calendar abused to send phishing emails from Apple’s servers,www.bleepingcomputer.com,ok,,artifacts/txt/9a9fa4b4979a9a52269a748d10b7a8b6f2d27da0.txt
https://www.darkreading.com/threat-intelligence/scammers-grok-malicious-links-x,SSH & Credential Abuse,Scammers Are Using Grok to Spread Malicious Links on X,www.darkreading.com,fail,HTTPError,
https://www.huntress.com/blog/is-there-a-right-way-to-set-up-two-factor-authentication,SSH & Credential Abuse,Is There a Right Way to Set Up Two-Factor Authentication? | Huntress,www.huntress.com,ok,,artifacts/txt/382d7f8bb157bba1c256292838ca7e79029aff2d.txt
https://azure.microsoft.com/en-us/blog/azure-mandatory-multifactor-authentication-phase-2-starting-in-october-2025/,SSH & Credential Abuse,Azure mandatory multifactor authentication: Phase 2 starting in October 2025,azure.microsoft.com,ok,,artifacts/txt/8b74b179858933289e97767077839d96bcd9017f.txt
https://blog.talosintelligence.com/from-summer-camp-to-grind-season/,SSH & Credential Abuse,From summer camp to grind season,blog.talosintelligence.com,ok,,artifacts/txt/cefbe68ef3c63d9ce0e09e5a4f7120803baf414d.txt
https://blog.talosintelligence.com/link-up-lift-up-level-up/,SSH & Credential Abuse,"Link up, lift up, level up",blog.talosintelligence.com,ok,,artifacts/txt/431c46c7e6d8c5bdb6c7623680a12b36495e50db.txt
https://blog.talosintelligence.com/libbiosig-tenda-sail-pdf-xchange-foxit-vulnerabilities/,SSH & Credential Abuse,"Libbiosig, Tenda, SAIL, PDF XChange, Foxit vulnerabilities",blog.talosintelligence.com,ok,,artifacts/txt/5b52112eba6f48f6a3095bb6307f953a9d7948fb.txt
https://www.microsoft.com/en-us/security/blog/2025/08/27/microsoft-ranked-number-one-in-modern-endpoint-security-market-share-third-year-in-a-row/,SSH & Credential Abuse,Microsoft ranked number one in modern endpoint security market share third year in a row,www.microsoft.com,ok,,artifacts/txt/4488217cd55b7212be70c446e19bd4a04d3b1c3e.txt
https://blog.talosintelligence.com/static-tundra/,SSH & Credential Abuse,Russian state-sponsored espionage group Static Tundra compromises unpatched end-of-life network devices,blog.talosintelligence.com,ok,,artifacts/txt/bfe4ae2a79c75ef849d773f731869b32a9ae26a2.txt
https://blog.talosintelligence.com/jj-cummings-the-art-of-controlling-information/,SSH & Credential Abuse,JJ Cummings: The art of controlling information,blog.talosintelligence.com,ok,,artifacts/txt/b57df519f5e3419d8e6d9ca6a3947498a2a9ffe6.txt
https://blog.talosintelligence.com/uat-7237-targets-web-hosting-infra/,SSH & Credential Abuse,UAT-7237 targets Taiwanese web hosting infrastructure,blog.talosintelligence.com,ok,,artifacts/txt/2f89d1d25bd1350370a79214971568d18d00dca8.txt
https://www.microsoft.com/en-us/security/blog/2025/08/18/dissecting-pipemagic-inside-the-architecture-of-a-modular-backdoor-framework/,SSH & Credential Abuse,Dissecting PipeMagic: Inside the architecture of a modular backdoor framework,www.microsoft.com,ok,,artifacts/txt/ec3bcee56c6dc496b72c7e602fff001fb7f95feb.txt
https://blog.talosintelligence.com/microsoft-patch-tuesday-august-2025/,SSH & Credential Abuse,Microsoft Patch Tuesday for August 2025 — Snort rules and prominent vulnerabilities,blog.talosintelligence.com,ok,,artifacts/txt/63d6f0114e454805d891bceefef5b84e1327d2c4.txt
https://blog.talosintelligence.com/what-happened-in-vegas-that-you-actually-want-to-know-about/,SSH & Credential Abuse,What happened in Vegas (that you actually want to know about),blog.talosintelligence.com,ok,,artifacts/txt/93571212b57eb50bd6f317b156802ac6e7cbdee0.txt
https://blog.talosintelligence.com/ps1bot-malvertising-campaign/,SSH & Credential Abuse,"Malvertising campaign leads to PS1Bot, a multi-stage malware framework",blog.talosintelligence.com,ok,,artifacts/txt/4a32f60c8e67c3c0cc958071c8b402b9496df11b.txt
https://www.microsoft.com/en-us/security/blog/2025/08/13/connect-with-the-security-community-at-microsoft-ignite-2025/,SSH & Credential Abuse,Connect with the security community at Microsoft Ignite 2025,www.microsoft.com,ok,,artifacts/txt/37ee9b119c579db4d2d9d34434e26cc80585ec7b.txt
https://www.microsoft.com/en-us/security/blog/2025/08/12/dows-125-year-legacy-innovating-with-ai-to-secure-a-long-future/,SSH & Credential Abuse,Dow’s 125-year legacy: Innovating with AI to secure a long future,www.microsoft.com,ok,,artifacts/txt/40a98d0fa5d14381bba69fca72b99d5fc355e7ef.txt
https://blog.talosintelligence.com/wwbn-meddream-eclipse-vulnerabilities/,SSH & Credential Abuse,"WWBN, MedDream, Eclipse vulnerabilities",blog.talosintelligence.com,ok,,artifacts/txt/344c55c23132ed570a67e8d418031055bd476e54.txt
https://www.crowdstrike.com/en-us/blog/crowdstrike-named-leader-forrester-wave-managed-detection-response-services-europe-q3-2025/,SSH & Credential Abuse,"CrowdStrike Named a Leader in The Forrester Wave&trade;: Managed Detection and Response Services in Europe, Q3 2025",www.crowdstrike.com,ok,,artifacts/txt/9f4d2e33718f7f251746f6375e46d1bbe8592d26.txt
https://www.crowdstrike.com/en-us/blog/ember-2024-advancing-cybersecurity-ml-training-on-evasive-malware/,SSH & Credential Abuse,EMBER2024: Advancing the Training of Cybersecurity ML Models Against Evasive Malware,www.crowdstrike.com,ok,,artifacts/txt/c827b0b396d5c5288a086562cda2731a500d3f03.txt
https://www.crowdstrike.com/en-us/blog/secure-ai-at-machine-speed/,SSH & Credential Abuse,Secure AI at Machine Speed: Defending the Growing Attack Surface,www.crowdstrike.com,ok,,artifacts/txt/3efe832d1bea6b453998b547174cd51e42334119.txt
https://www.crowdstrike.com/en-us/blog/crowdstrike-leader-2025-idc-marketscape-exposure-management/,SSH & Credential Abuse,CrowdStrike Named a Leader in 2025 IDC MarketScape for Exposure Management,www.crowdstrike.com,ok,,artifacts/txt/58abbd3de91e46f7dd0796ab2434c85711ec0923.txt
https://www.crowdstrike.com/en-us/blog/crowdstrike-to-acquire-onum/,SSH & Credential Abuse,CrowdStrike to Acquire Onum to Transform How Data Powers the Agentic SOC,www.crowdstrike.com,ok,,artifacts/txt/d73ca6a717978bf53eacb82803ba8289d421dc6d.txt
https://www.crowdstrike.com/en-us/blog/crowdstrike-leader-2025-idc-marketscape-worldwide-ir-services/,SSH & Credential Abuse,CrowdStrike Named a Leader in 2025 IDC MarketScape for Worldwide Incident Response Services,www.crowdstrike.com,ok,,artifacts/txt/41963f2188bd2e4872cf184f11b4b404c778cb71.txt
https://www.crowdstrike.com/en-us/blog/murky-panda-trusted-relationship-threat-in-cloud/,SSH & Credential Abuse,MURKY PANDA: A Trusted-Relationship Threat in the Cloud,www.crowdstrike.com,ok,,artifacts/txt/d7e7357b908b0a98fa47e150511d76e277f41337.txt
https://www.crowdstrike.com/en-us/blog/defending-against-scattered-spider-with-falcon-next-gen-siem/,SSH & Credential Abuse,Defending Against SCATTERED SPIDER with Falcon Next-Gen SIEM,www.crowdstrike.com,ok,,artifacts/txt/63f7946a15d0f83f2b769c693ef8a63e86c59486.txt
https://ubuntu.com/security/notices/USN-7736-1,SSH & Credential Abuse,USN-7736-1: Django vulnerability,ubuntu.com,ok,,artifacts/txt/6e041f35f9da74b0c1148d2dd85b22874e9e8776.txt
https://ubuntu.com/security/notices/USN-7738-1,SSH & Credential Abuse,USN-7738-1: FFmpeg vulnerability,ubuntu.com,ok,,artifacts/txt/9332b942ca98ded8f0dee8ceea896bd38a9d1ea5.txt
https://redcanary.com/blog/news-events/cfp-tracker-september-2025/,SSH & Credential Abuse,Red Canary CFP tracker: September 2025,redcanary.com,ok,,artifacts/txt/bcb73645a304739462a4e87d9c73a876e3a96eba.txt
https://ubuntu.com/security/notices/USN-7732-1,SSH & Credential Abuse,USN-7732-1: KMail Account Wizard vulnerability,ubuntu.com,ok,,artifacts/txt/287aec0573d860dc6657ff9f3510fd6dc3db9d2f.txt
https://www.huntress.com/blog/confluence-to-cerber-exploitation-of-cve-2023-22518-for-ransomware-deployment,NFS / File-Share Exposure,Confluence to Cerber: Exploitation of ​​CVE-2023-22518,www.huntress.com,ok,,artifacts/txt/33580576079e066479bd9c5183bc4b53649b90b1.txt
https://thedfirreport.com/2025/05/19/another-confluence-bites-the-dust-falling-to-elpaco-team-ransomware/,NFS / File-Share Exposure,Another Confluence Bites the Dust: Falling to ELPACO-team Ransomware,thedfirreport.com,ok,,artifacts/txt/eec1ef650b8cb3aff5b73eb737055e52d09f5001.txt
https://thedfirreport.com/2025/02/24/confluence-exploit-leads-to-lockbit-ransomware/,NFS / File-Share Exposure,Confluence Exploit Leads to LockBit Ransomware,thedfirreport.com,ok,,artifacts/txt/3f21705b940688b0fb1caf9fc5e887d25792a1eb.txt
https://www.huntress.com/blog/obscura-ransomware-variant,NFS / File-Share Exposure,"Obscura, an Obscure New Ransomware Variant",www.huntress.com,ok,,artifacts/txt/6a6bcff35b68cf2fcfcf2a16c2c396729f80cf82.txt
https://www.huntress.com/blog/curling-for-data-a-dive-into-a-threat-actors-malicious-ttps,NFS / File-Share Exposure,Curling for Data: A Dive into a Threat Actor's Malicious TTPs | Huntress,www.huntress.com,ok,,artifacts/txt/a30e6be08124c2c8b3d4a354b690edcf1b6fbc48.txt
https://www.huntress.com/blog/exposing-data-exfiltration-lolbin-ttp-binaries,NFS / File-Share Exposure,"Exposing Data Exfiltration: Detecting LOLBins, TTPs, and Ransomware Tactics",www.huntress.com,ok,,artifacts/txt/09e4a331f341713ef6e047ce3fd7c97db9e1e0d6.txt
https://www.huntress.com/blog/examining-the-impact-of-ransomware-on-the-healthcare-sector-and-new-hhs-guidelines,NFS / File-Share Exposure,Examining the Impact of Ransomware on the Healthcare Sector and New HHS Guidelines | Huntress,www.huntress.com,ok,,artifacts/txt/0b33e615b0390bc8f02bf122149239b3f52711da.txt
https://www.huntress.com/blog/using-backup-utilities-for-data-exfiltration,NFS / File-Share Exposure,Using Backup Utilities for Data Exfiltration | Huntress,www.huntress.com,ok,,artifacts/txt/57fc0955d2329ac56924013ce23e69f82cd12723.txt
https://unit42.paloaltonetworks.com/ak47-activity-linked-to-sharepoint-vulnerabilities/,NFS / File-Share Exposure,Project AK47: Uncovering a Link to the SharePoint Vulnerability Attacks,unit42.paloaltonetworks.com,ok,,artifacts/txt/f8b190e203d24c8a66856760467082f4ae000f4a.txt
https://www.huntress.com/blog/the-value-of-managed-edr-for-the-modern-msp,NFS / File-Share Exposure,The Value of Managed EDR for the Modern MSP | Huntress,www.huntress.com,ok,,artifacts/txt/a25ca8e512dfde95320e076d3879a1154b7a3d59.txt
https://www.microsoft.com/en-us/security/blog/2025/08/27/storm-0501s-evolving-techniques-lead-to-cloud-based-ransomware/,NFS / File-Share Exposure,Storm-0501’s evolving techniques lead to cloud-based ransomware,www.microsoft.com,ok,,artifacts/txt/675c37f7de37e68a64c12bb858bab4f1d9a1fa2a.txt
https://blog.talosintelligence.com/ransomware_incidents_in_japan_during_the_first_half_of_2025/,NFS / File-Share Exposure,Ransomware incidents in Japan during the first half of 2025,blog.talosintelligence.com,ok,,artifacts/txt/0c2233ad19c6c2110163d12bceac9babbeedd8b5.txt
https://www.microsoft.com/en-us/security/blog/2025/08/21/think-before-you-clickfix-analyzing-the-clickfix-social-engineering-technique/,NFS / File-Share Exposure,Think before you Click(Fix): Analyzing the ClickFix social engineering technique,www.microsoft.com,ok,,artifacts/txt/6aefe9236f55dc013e620d418be3b128cbc8f69c.txt
https://thedfirreport.com/2025/09/08/blurring-the-lines-intrusion-shows-connection-with-three-major-ransomware-gangs/,NFS / File-Share Exposure,Blurring the Lines: Intrusion Shows Connection With Three Major Ransomware Gangs,thedfirreport.com,ok,,artifacts/txt/6cda1ca9a0b57498f76dac5b0c40ef9684ee2b61.txt
https://thedfirreport.com/2025/08/05/from-bing-search-to-ransomware-bumblebee-and-adaptixc2-deliver-akira/,NFS / File-Share Exposure,From Bing Search to Ransomware: Bumblebee and AdaptixC2 Deliver Akira,thedfirreport.com,ok,,artifacts/txt/d638087039bd3d537807aaad94e536cfcec40e78.txt
https://thedfirreport.com/2025/07/14/kongtuke-filefix-leads-to-new-interlock-rat-variant/,NFS / File-Share Exposure,KongTuke FileFix Leads to New Interlock RAT Variant,thedfirreport.com,ok,,artifacts/txt/b60b5bf9e38457756c1fa5ca5e3e818f721f14f2.txt
https://thedfirreport.com/2025/03/31/fake-zoom-ends-in-blacksuit-ransomware/,NFS / File-Share Exposure,Fake Zoom Ends in BlackSuit Ransomware,thedfirreport.com,ok,,artifacts/txt/3a99fe093265c94770bb5e271ba74dbf10e84c53.txt
https://thedfirreport.com/2025/01/27/cobalt-strike-and-a-pair-of-socks-lead-to-lockbit-ransomware/,NFS / File-Share Exposure,Cobalt Strike and a Pair of SOCKS Lead to LockBit Ransomware,thedfirreport.com,ok,,artifacts/txt/a614729a9391e18e81d1bb9ee5950bdacfc854f5.txt
https://www.schneier.com/blog/archives/2025/09/generative-ai-as-a-cybercrime-assistant.html,NFS / File-Share Exposure,Generative AI as a Cybercrime Assistant,www.schneier.com,ok,,artifacts/txt/79e57dd1dce40f33d201cf8666d52f89149a1616.txt
https://www.schneier.com/blog/archives/2025/09/friday-squid-blogging-the-origin-and-propagation-of-squid.html,NFS / File-Share Exposure,Friday Squid Blogging: The Origin and Propagation of Squid,www.schneier.com,ok,,artifacts/txt/0ce2fd92830cfe2611f8ccba983bb4f8fa5a67fb.txt
https://www.schneier.com/blog/archives/2025/08/friday-squid-blogging-catching-humboldt-squid.html,NFS / File-Share Exposure,Friday Squid Blogging: Catching Humboldt Squid,www.schneier.com,ok,,artifacts/txt/63ce278b8de3f4aee9fdcfad2fb84e4de3ddef34.txt
https://www.huntress.com/blog/cephalus-ransomware,NFS / File-Share Exposure,Cephalus Ransomware: Don’t Lose Your Head,www.huntress.com,ok,,artifacts/txt/0389c4c92b07f1e5546bcf5deeb5a58e48900162.txt
https://www.huntress.com/blog/kawalocker-ransomware-deployed,NFS / File-Share Exposure,"Kawabunga, Dude, You’ve Been Ransomed!",www.huntress.com,ok,,artifacts/txt/45964b7a82f02bafd267ab445c3f33af96f45331.txt
https://www.huntress.com/blog/why-old-ransomware-playbooks-never-die,NFS / File-Share Exposure,The Commented Kill Chain: Why Old Ransomware Playbooks Never Die,www.huntress.com,ok,,artifacts/txt/134286f598f54049e7172a7d0a302022bd684303.txt
https://www.huntress.com/blog/crux-ransomware,NFS / File-Share Exposure,Getting to the Crux (Ransomware) of the Matter,www.huntress.com,ok,,artifacts/txt/9358a5f1487e4d63b156ac6d22009de9cda83efc.txt
https://www.huntress.com/blog/advanced-intrusion-targeting-executive-at-critical-marketing-research-company,NFS / File-Share Exposure,“Advanced” Intrusion Targeting Critical Marketing Research Company,www.huntress.com,ok,,artifacts/txt/d5a815d0972f34340dcc12f27214b2c891c40965.txt
https://www.huntress.com/blog/for-ransomware-time-to-ransom-is-money,NFS / File-Share Exposure,Time to Ransom is Money,www.huntress.com,ok,,artifacts/txt/c17aa881f5c22d24a41e8e06ec4487a871b267c9.txt
https://www.huntress.com/blog/breaking-down-ransomware-attacks-and-how-to-stay-ahead,NFS / File-Share Exposure,Breaking Down Ransomware Attacks and How to Stay Ahead,www.huntress.com,ok,,artifacts/txt/eaab68bf0bdc9064daf3753684833a9c43b53a7a.txt
https://www.huntress.com/blog/infographic-uncover-tomorrows-cyber-threats-today,NFS / File-Share Exposure,Uncover Tomorrow’s Cyber Threats Today | Huntress,www.huntress.com,ok,,artifacts/txt/e93bc66ad193ab4e7525acb444a22f032cf30a6e.txt
https://www.huntress.com/blog/huntress-2025-cyber-threat-report-proliferating-rats-evolving-ransomware-and-other-findings,NFS / File-Share Exposure,"2025 Cybersecurity Threat Report: Proliferating RATs, Evolving Ransomware, and Other Findings | Huntress",www.huntress.com,ok,,artifacts/txt/b169fec0c0e6c6c85c00073f661f9e807a76cc18.txt
https://www.huntress.com/blog/its-not-safe-to-pay-safepay,NFS / File-Share Exposure,It’s Not Safe To Pay SafePa,www.huntress.com,ok,,artifacts/txt/6596cd66be8c5c3bdbefd11137b26742b2b3ca38.txt
https://www.huntress.com/blog/a-parents-guide-to-securing-childrens-tech-gifts,NFS / File-Share Exposure,A Parent's Guide to Securing Children's Tech Gifts | Huntress,www.huntress.com,ok,,artifacts/txt/38947f0f432dbed1a3dd335a3ae8b38977b72190.txt
https://www.huntress.com/blog/readtext34-ransomware-incident,NFS / File-Share Exposure,ReadText34 Ransomware Incident | Huntress,www.huntress.com,ok,,artifacts/txt/837b878526e72105e0521582b206d424a154336d.txt
https://www.huntress.com/blog/a-surge-in-ransomware-insights-from-our-2024-cyber-threat-report,NFS / File-Share Exposure,Insights from Our 2024 Cyber Threat Report | Huntress,www.huntress.com,ok,,artifacts/txt/4f2c1a456a644183d217a47bfa23339575432f59.txt
https://www.huntress.com/blog/lolbin-to-inc-ransomware,NFS / File-Share Exposure,LOLBin to INC Ransomware,www.huntress.com,ok,,artifacts/txt/4f40bcd4c136dca53a4625e52f4e942bcc8449d7.txt
https://www.huntress.com/blog/healthcare-held-hostage-fighting-the-plague-of-ransomware,NFS / File-Share Exposure,Healthcare Held Hostage: Fighting the Plague of Ransomware | Huntress,www.huntress.com,ok,,artifacts/txt/15c150e4ef94146b71b70ce8d1c2b7bcb6f0f12d.txt
https://www.huntress.com/blog/attacking-mssql-servers-pt-ii,NFS / File-Share Exposure,"Attacking MSSQL Servers, Pt. II | Huntress",www.huntress.com,ok,,artifacts/txt/c3a1388dea865e217d808b8685a82ccbba3d1aa4.txt
https://www.huntress.com/blog/blackcat-ransomware-affiliate-ttps,NFS / File-Share Exposure,BlackCat Ransomware Affiliate TTPs | Huntress,www.huntress.com,ok,,artifacts/txt/9eae2036263e993366856d5d350f97fd5dd7875c.txt
https://www.huntress.com/blog/detection-guidance-for-connectwise-cwe-288-2,NFS / File-Share Exposure,Detection Guidance for ConnectWise CWE-288 | Huntress,www.huntress.com,ok,,artifacts/txt/1aa80a461eda04af5b5093dfe309745885430e54.txt
https://www.huntress.com/blog/how-to-know-if-your-screenconnect-server-is-hacked,NFS / File-Share Exposure,Guide: How to Know if your ScreenConnect Server is Hacked | Huntress,www.huntress.com,ok,,artifacts/txt/875267213f994f357b1837abdf310e84bae48826.txt
https://www.huntress.com/blog/ransomware-deployment-attempts-via-teamviewer,NFS / File-Share Exposure,Ransomware Deployment Attempts Via TeamViewer | Huntress,www.huntress.com,ok,,artifacts/txt/b7054b98cd8900b3d07dffbce9af46e963eda156.txt
https://www.huntress.com/blog/cant-touch-this-data-exfiltration-via-finger,NFS / File-Share Exposure,Can’t Touch This: Data Exfiltration via Finger,www.huntress.com,ok,,artifacts/txt/ff054507ba947e19c90d151f37a5ef7940ffa0eb.txt
https://www.huntress.com/blog/investigating-new-inc-ransom-group-activity,NFS / File-Share Exposure,Investigating New INC Ransom Group Activity | Huntress,www.huntress.com,ok,,artifacts/txt/6e6172f4fd22a7634c3762a31e970ade35474fb7.txt
https://www.bleepingcomputer.com/news/security/lovesac-confirms-data-breach-after-ransomware-attack-claims/,NFS / File-Share Exposure,Lovesac confirms data breach after ransomware attack claims,www.bleepingcomputer.com,ok,,artifacts/txt/7ac763f6620564bf0844aaa5eb390da07191d3f7.txt
https://www.darkreading.com/endpoint-security/apt28-outlook-notdoor-backdoor,NFS / File-Share Exposure,Russia's APT28 Targets Microsoft Outlook With 'NotDoor' Malware,www.darkreading.com,fail,HTTPError,
https://www.darkreading.com/cyber-risk/dark-reading-confidential-guided-tour-dark-web,NFS / File-Share Exposure,Dark Reading Confidential: A Guided Tour of Today's Dark Web,www.darkreading.com,fail,HTTPError,
https://www.darkreading.com/application-security/cisas-new-sbom-guidelines-mixed-reviews,NFS / File-Share Exposure,CISA's New SBOM Guidelines Get Mixed Reviews,www.darkreading.com,fail,HTTPError,
https://www.darkreading.com/threat-intelligence/akira-clop-top-5-most-active-ransomware-groups-list,NFS / File-Share Exposure,"Akira, Cl0p Top List of 5 Most Active Ransomware-as-a-Service Groups",www.darkreading.com,fail,HTTPError,
https://www.huntress.com/blog/using-shodan-images-to-hunt-down-ransomware-groups,NFS / File-Share Exposure,Using Shodan Images to Hunt Down Ransomware Groups | Huntress,www.huntress.com,ok,,artifacts/txt/6f719cafdd9c2fb31a956bec525338c317d55d15.txt
https://www.huntress.com/blog/creating-macos-ransomware,NFS / File-Share Exposure,Creating macOS Ransomware | Huntress,www.huntress.com,ok,,artifacts/txt/e855d6cf3eb2347ecf23ef4e4c74d2cca9d88151.txt
https://www.huntress.com/blog/huntress-commitment-to-the-cybersecurity-community,NFS / File-Share Exposure,Huntress’ Commitment to the Cybersecurity Community | Huntress,www.huntress.com,ok,,artifacts/txt/bbf5463ff6af07ab203a994732dd4daa3f4eb821.txt
https://www.huntress.com/blog/triangulation,NFS / File-Share Exposure,Triangulation | Huntress,www.huntress.com,ok,,artifacts/txt/472743c436f7ae68b56754c6a6aa91dcf85fc058.txt
https://www.huntress.com/blog/breaking-down-the-nist-cybersecurity-framework,NFS / File-Share Exposure,Breaking Down the NIST Cybersecurity Framework,www.huntress.com,ok,,artifacts/txt/4ef94950d73e3f2a548c637d0aed5dca598ffe50.txt
https://www.huntress.com/blog/a-beginners-guide-to-phishing-simulation-training-for-employees,NFS / File-Share Exposure,A Beginner’s Guide to Phishing Simulation Training for Employees | Huntress,www.huntress.com,ok,,artifacts/txt/1768b2022aef263fb9c603e59a3cd301933ad517.txt
https://www.huntress.com/blog/ransomware-canaries-a-2022-update,NFS / File-Share Exposure,Ransomware Canaries: A 2022 Update | Huntress,www.huntress.com,ok,,artifacts/txt/a7d78f35dd76ba6c2e3ce1e0e607fdbbd2e6763e.txt
https://www.huntress.com/blog/how-ransomware-works-and-why-its-a-hacker-favorite,NFS / File-Share Exposure,How Ransomware Works and Why It's a Hacker Favorite | Huntress,www.huntress.com,ok,,artifacts/txt/4fee363bd2654515adbedd77be36c3d24f0878ea.txt
https://www.huntress.com/blog/threat-advisory-hackers-are-exploiting-a-vulnerability-in-popular-billing-software-to-deploy-ransomware,NFS / File-Share Exposure,Hackers Are Exploiting a Vulnerability in Billing Software to Deploy Ransomware | Huntress,www.huntress.com,ok,,artifacts/txt/bc100fe6cdb9bb650bb9b5bf99f16eec88993c8b.txt
https://www.huntress.com/blog/security-researchers-hunt-to-discover-origins-of-the-kaseya-vsa-mass-ransomware-incident,NFS / File-Share Exposure,The Hunt to Find Origins of Kaseya's VSA Mass Ransomware Incident | Huntress,www.huntress.com,ok,,artifacts/txt/15e7a003cdfbd995aa58e693196dafa5c85647eb.txt
https://www.huntress.com/blog/experts-weigh-in-on-the-state-of-email-based-threats,NFS / File-Share Exposure,Experts Weigh in on the State of Email-Based Threats | Huntress,www.huntress.com,ok,,artifacts/txt/853dd3a3c189a6a62c64bc24d2f399213b01cd02.txt
https://www.huntress.com/blog/the-huntress-vsa-vaccine-acting-like-hackers-to-protect-our-partners,NFS / File-Share Exposure,Huntress VSA Vaccine: Acting Like Hackers To Protect Our Partners | Huntress,www.huntress.com,ok,,artifacts/txt/a8a6a41de6e8a1ec2df26501e7c33890babaa07a.txt
https://www.huntress.com/blog/rapid-response-kaseya-vsa-mass-msp-ransomware-incident,NFS / File-Share Exposure,Rapid Response: Mass MSP Ransomware Incident | Huntress,www.huntress.com,ok,,artifacts/txt/62a503e01dab6404507b5350a0f42a39810855b3.txt
https://www.huntress.com/blog/discovering-a-ransomware-remedy-in-the-wild,NFS / File-Share Exposure,Discovering a Ransomware Remedy in the Wild | Huntress,www.huntress.com,ok,,artifacts/txt/18c44c34c5a4c7a8b40d6252803bfa8b4d4992e3.txt
https://www.huntress.com/blog/understanding-your-smb-clients-cybersecurity-needs,NFS / File-Share Exposure,Understanding Your SMB Clients' Cybersecurity Needs,www.huntress.com,ok,,artifacts/txt/803bb76b6093a7bf8b3e20b5636329e72e092b6c.txt
https://www.huntress.com/blog/cybersecurity-insurance-perspective-on-ransomware,NFS / File-Share Exposure,Cyber Security Insurance Perspective on Ransomware | Huntress,www.huntress.com,ok,,artifacts/txt/9070d8e8857b865b6b2ce934db751b119a7c1c98.txt
https://www.huntress.com/blog/huntress-service-ransomware-canaries,NFS / File-Share Exposure,Huntress Service: Ransomware Canaries | Huntress,www.huntress.com,ok,,artifacts/txt/2fedc25832e524c0b3e1eebb6bb196f3d2485c4d.txt
https://www.huntress.com/blog/security-awareness-training-will-prevent-ransomware,NFS / File-Share Exposure,Security Awareness Training Will Prevent Ransomware | Huntress,www.huntress.com,ok,,artifacts/txt/d8337f11944e7a60bd7cbf6c3b630899304a9650.txt
https://threatpost.com/ransomware-attacks-are-on-the-rise/180481/,NFS / File-Share Exposure,Ransomware Attacks are on the Rise,threatpost.com,ok,,artifacts/txt/dc4f0ebfd38a488f2a80c31809dab3495c7fc21b.txt
https://www.suse.com/support/security/sbom/,NFS / File-Share Exposure,SUSE LINUX Enterprise Server 15 SP2 Common Criteria NIAP Evaluated Configuration Guide,www.suse.com,ok,,artifacts/txt/23c9d9e7410dd5c1a933929b9fc062f76cafd066.txt
https://www.bankinfosecurity.com/agency-releases/fdic-issues-guidance-to-areas-in-illinois-impacted-by-severe-r-2805,NFS / File-Share Exposure,FDIC Issues Guidance to Areas in Illinois Impacted by Severe Storms,www.bankinfosecurity.com,ok,,artifacts/txt/2e0a5c9dda1730dce7185ddf275abf2c5f6166eb.txt
https://go.theregister.com/feed/www.theregister.com/2025/09/05/real_story_ai_ransomware_promptlock/,NFS / File-Share Exposure,"The crazy, true story behind the first AI-powered ransomware",go.theregister.com,ok,,artifacts/txt/b2ee49348061a6264947b7261ef2ab8394b41761.txt
https://go.theregister.com/feed/www.theregister.com/2025/09/03/ransomware_ai_abuse/,NFS / File-Share Exposure,It looks like you’re ransoming data. Would you like some help?,go.theregister.com,ok,,artifacts/txt/4ab72e354322ffbf150cef131884146ef8ea5d0a.txt
https://ubuntu.com/security/notices/USN-7737-1,JupyterHub / Open OnDemand,USN-7737-1: Linux kernel (Azure) vulnerabilities,ubuntu.com,ok,,artifacts/txt/3fa08800629a93d6b15a2ffa294a748ca1c71f21.txt
https://www.huntress.com/blog/akira-ransomware-indicators,JupyterHub / Open OnDemand,Akira Ransomware Indicators | Huntress,www.huntress.com,ok,,artifacts/txt/e0b0a4dce45f8e24957b18ae30a7c25a048a7e8d.txt
https://blog.talosintelligence.com/stopping-ransomware-before-it-starts/,JupyterHub / Open OnDemand,Stopping ransomware before it starts: Lessons from Cisco Talos Incident Response,blog.talosintelligence.com,ok,,artifacts/txt/e94adb856e8701c68fe407b3fbdd6d5b2b9a2463.txt
https://www.huntress.com/blog/critical-vulnerability-exploitation-of-apache-activemq-cve-2023-46604,JupyterHub / Open OnDemand,Critical Vulnerability: Exploitation of Apache ActiveMQ CVE-2023-46604 | Huntress,www.huntress.com,ok,,artifacts/txt/4dbd3dfef844f619d23403df88b58e38f64fca7e.txt
https://googleprojectzero.blogspot.com/2025/05/the-windows-registry-adventure-8-exploitation.html,JupyterHub / Open OnDemand,The Windows Registry Adventure #8: Practical exploitation of hive memory corruption,googleprojectzero.blogspot.com,ok,,artifacts/txt/c02e58e3de230cd9883e2a9e38781517ba42791a.txt
https://googleprojectzero.blogspot.com/2025/05/the-windows-registry-adventure-7-attack-surface.html,JupyterHub / Open OnDemand,The Windows Registry Adventure #7: Attack surface analysis,googleprojectzero.blogspot.com,ok,,artifacts/txt/9556f3ed4be42e4157543aa3233fc69f0fcf533b.txt
https://googleprojectzero.blogspot.com/2024/12/the-windows-registry-adventure-5-regf.html,JupyterHub / Open OnDemand,The Windows Registry Adventure #5: The regf file format,googleprojectzero.blogspot.com,ok,,artifacts/txt/40536d78d9cdf812256b6f65b273fae4802ab383.txt
https://googleprojectzero.blogspot.com/2025/05/breaking-sound-barrier-part-i-fuzzing.html,JupyterHub / Open OnDemand,Breaking the Sound Barrier Part I: Fuzzing CoreAudio with Mach Messages,googleprojectzero.blogspot.com,ok,,artifacts/txt/4709eedb79df1c6fcad32654fe515fda6cd9a56b.txt
https://googleprojectzero.blogspot.com/2025/04/the-windows-registry-adventure-6-kernel.html,JupyterHub / Open OnDemand,The Windows Registry Adventure #6: Kernel-mode objects,googleprojectzero.blogspot.com,ok,,artifacts/txt/6a0dc862f686b7c56a28937fdc26a6176b3616a3.txt
https://googleprojectzero.blogspot.com/2025/03/blasting-past-webp.html,JupyterHub / Open OnDemand,Blasting Past Webp,googleprojectzero.blogspot.com,ok,,artifacts/txt/6f3aed4905ab6ae454df08094844b520015e0d2f.txt
https://googleprojectzero.blogspot.com/2025/08/from-chrome-renderer-code-exec-to-kernel.html,JupyterHub / Open OnDemand,From Chrome renderer code exec to kernel with MSG_OOB,googleprojectzero.blogspot.com,ok,,artifacts/txt/5071d187f4f19ff55a1988859ad810584cc51ec6.txt
https://googleprojectzero.blogspot.com/2025/01/windows-bug-class-accessing-trapped-com.html,JupyterHub / Open OnDemand,Windows Bug Class: Accessing Trapped COM Objects with IDispatch,googleprojectzero.blogspot.com,ok,,artifacts/txt/6f804c08be2d988e4d3ea83789b999950c5f077c.txt
https://securelist.com/cookies-and-session-hijacking/117390/,JupyterHub / Open OnDemand,"Cookies and how to bake them: what they are for, associated risks, and what session hijacking has to do with it",securelist.com,ok,,artifacts/txt/58b6a00f539d682c1d758215ac0a0b661d2e03d9.txt
https://unit42.paloaltonetworks.com/badsuccessor-attack-vector/,JupyterHub / Open OnDemand,When Good Accounts Go Bad: Exploiting Delegated Managed Service Accounts in Active Directory,unit42.paloaltonetworks.com,ok,,artifacts/txt/f1ac8ceb210fe5a6e493c11122a57cdbe06a29ca.txt
https://www.darkreading.com/cyberattacks-data-breaches/salesloft-breached-github-account-compromise,JupyterHub / Open OnDemand,Salesloft Breached via GitHub Account Compromise,www.darkreading.com,fail,HTTPError,
https://www.bleepingcomputer.com/news/security/salesloft-march-github-repo-breach-led-to-salesforce-data-theft-attacks/,JupyterHub / Open OnDemand,Salesloft: March GitHub repo breach led to Salesforce data theft attacks,www.bleepingcomputer.com,ok,,artifacts/txt/039cc88b9ecabb4a07aeabdd00908e87688d18eb.txt
https://www.huntress.com/blog/the-case-for-sigparser,JupyterHub / Open OnDemand,The Case For SigParser,www.huntress.com,ok,,artifacts/txt/a139e1631252574823a53cdb9233f9f33fc29ed2.txt
https://www.uptycs.com/blog/unleashing-ebpf-capabilities-linux-security,JupyterHub / Open OnDemand,Unleashing eBPF Capabilities for Linux Security with Uptycs,www.uptycs.com,ok,,artifacts/txt/dcd37d276fddb98665a4d9efbb95cfa8ef21ee9d.txt
https://www.uptycs.com/blog/uptycs-linux-edr-leader,JupyterHub / Open OnDemand,Uptycs: Ranked #1 Linux EDR | Uptycs,www.uptycs.com,ok,,artifacts/txt/eb1483075db6312102ff1ef38e9b23f4a9b81fa6.txt
https://www.uptycs.com/blog/uptycs-nexus-osquery-fleet-manager,JupyterHub / Open OnDemand,Uptycs Nexus: Simple & Scalable Osquery Fleet Manager,www.uptycs.com,ok,,artifacts/txt/6eeb8078f386c0f667d1ce081cd6971cd7fdfaa0.txt
https://www.uptycs.com/blog/container-escape-vulnerability-detection,JupyterHub / Open OnDemand,Detect Container Escape Vulnerabilities with Osquery,www.uptycs.com,ok,,artifacts/txt/62ff4f91766c389e394de8d95b54a3a177412244.txt
https://www.uptycs.com/blog/cloud-data-security,JupyterHub / Open OnDemand,Cloud Data Security: Understanding and Protecting Sensitive Data in S3,www.uptycs.com,ok,,artifacts/txt/ab159c3b95515fcd2b21b72a7ccce1395d41bab4.txt
https://unit42.paloaltonetworks.com/threat-brief-compromised-salesforce-instances/,JupyterHub / Open OnDemand,Threat Brief: Salesloft Drift Integration Used To Compromise Salesforce Instances,unit42.paloaltonetworks.com,ok,,artifacts/txt/e2754274d07f7a26090a4638b62e6b2bffc41ec8.txt
https://unit42.paloaltonetworks.com/genai-phishing-bait/,JupyterHub / Open OnDemand,Fashionable Phishing Bait: GenAI on the Hook,unit42.paloaltonetworks.com,ok,,artifacts/txt/de96167f0eb80f900c9776e8af787d336ebe6775.txt
https://www.bleepingcomputer.com/news/security/hackers-steal-3-325-secrets-in-ghostaction-github-supply-chain-attack/,JupyterHub / Open OnDemand,"Hackers steal 3,325 secrets in GhostAction GitHub supply chain attack",www.bleepingcomputer.com,ok,,artifacts/txt/0bcf7ec4474d9bc7598dd1f791524058a17bee1d.txt
https://www.microsoft.com/en-us/security/blog/2025/08/20/quantum-safe-security-progress-towards-next-generation-cryptography/,JupyterHub / Open OnDemand,Quantum-safe security: Progress towards next-generation cryptography,www.microsoft.com,ok,,artifacts/txt/429e3ba8db194fb992789b1ec6bc2b615db775b9.txt
https://blog.talosintelligence.com/cherry-pie-douglas-firs-and-the-last-trip-of-the-summer/,JupyterHub / Open OnDemand,"Cherry pie, Douglas firs and the last trip of the summer",blog.talosintelligence.com,ok,,artifacts/txt/c964f5e1d49d92767bb735f3555b3124b584f8d5.txt
https://blog.talosintelligence.com/revault-when-your-soc-turns-against-you-2/,JupyterHub / Open OnDemand,ReVault! When your SoC turns against you… deep dive edition,blog.talosintelligence.com,ok,,artifacts/txt/2a2175b8e33dfd22f1de3bd1cfb04709d14c6875.txt
https://blog.talosintelligence.com/ai-wrote-my-code-and-all-i-got-was-this-broken-prototype/,JupyterHub / Open OnDemand,AI wrote my code and all I got was this broken prototype,blog.talosintelligence.com,ok,,artifacts/txt/f37174281fdf9f39863dd663d11e48957288abbc.txt
https://blog.talosintelligence.com/revault-when-your-soc-turns-against-you/,JupyterHub / Open OnDemand,ReVault! When your SoC turns against you…,blog.talosintelligence.com,ok,,artifacts/txt/0d67bff6632a0d6cb1992e827e362e48d92faee0.txt
https://techcommunity.microsoft.com/blog/microsoftthreatprotectionblog/announcing-public-preview-phishing-triage-agent-in-microsoft-defender/4438301,JupyterHub / Open OnDemand,Announcing public preview: Phishing triage agent in Microsoft Defender,techcommunity.microsoft.com,ok,,artifacts/txt/c5daa6faff50ad69db035cef1c759130005d7a59.txt
https://www.crowdstrike.com/en-us/blog/falcon-prevents-cookie-spider-shamos-delivery-macos/,JupyterHub / Open OnDemand,Falcon Platform Prevents COOKIE SPIDER&rsquo;s SHAMOS Delivery on macOS,www.crowdstrike.com,ok,,artifacts/txt/e7d3e7a009a3d7ea2f32cdc3feb1967c2af23075.txt
https://redcanary.com/blog/threat-detection/oauth-app-attacks/,JupyterHub / Open OnDemand,Understanding OAuth application attacks and defenses,redcanary.com,ok,,artifacts/txt/46cdb4ce998d3f0300ade48a5b3c3dd548646cb3.txt
https://redcanary.com/blog/security-operations/office-hours-august-2025/,JupyterHub / Open OnDemand,Here’s what you missed on Office Hours: August 2025,redcanary.com,ok,,artifacts/txt/6822150bede460482a1ee4df8dc016bc4470570e.txt
https://thedfirreport.com/2025/06/30/hide-your-rdp-password-spray-leads-to-ransomhub-deployment/,JupyterHub / Open OnDemand,Hide Your RDP: Password Spray Leads to RansomHub Deployment,thedfirreport.com,ok,,artifacts/txt/b31f810efee42be5a520a7e8d31a53f578fa6c1e.txt
https://thedfirreport.com/2025/04/28/navigating-through-the-fog/,JupyterHub / Open OnDemand,Navigating Through The Fog,thedfirreport.com,ok,,artifacts/txt/3b49fcf39d96faacf4379095dbe2622a087d4bec.txt
https://securelist.com/godrat/117119/,JupyterHub / Open OnDemand,GodRAT – New RAT targeting financial institutions,securelist.com,ok,,artifacts/txt/8f156c46ff4f2ec9d80cfc1cf226febb3424d95f.txt
https://www.sentinelone.com/labs/freedrain-unmasked-uncovering-an-industrial-scale-crypto-theft-network/,JupyterHub / Open OnDemand,FreeDrain Unmasked | Uncovering an Industrial-Scale Crypto Theft Network,www.sentinelone.com,ok,,artifacts/txt/13831ecf84af7a3099a9dbf3b34bf5d658c5cc61.txt
https://www.sentinelone.com/labs/labscon24-replay-a-walking-red-flag-with-yellow-stars/,JupyterHub / Open OnDemand,LABScon24 Replay | A Walking Red Flag (With Yellow Stars),www.sentinelone.com,ok,,artifacts/txt/854a67d40c13c43d0824e3794e57d0e717996a1f.txt
https://www.huntress.com/blog/what-is-sso-login,JupyterHub / Open OnDemand,What Is Single Sign-On? The Practical Guide | Huntress,www.huntress.com,ok,,artifacts/txt/7af922e4ff0467e0d2ba874f64b8caa822cc37ac.txt
https://www.schneier.com/blog/archives/2025/09/my-latest-book-rewiring-democracy.html,JupyterHub / Open OnDemand,My Latest Book: Rewiring Democracy,www.schneier.com,ok,,artifacts/txt/21dbeadf3d7685ef83ac2085f90f2b161c1826ff.txt
https://www.huntress.com/blog/huntress-top-ten-decade-in-cybersecurity,JupyterHub / Open OnDemand,"Ten Years of Resilience, Innovation & Community-Driven Defense",www.huntress.com,ok,,artifacts/txt/8541bff7578bd92b2bf2d3b2f062b61bbfd99689.txt
https://www.huntress.com/blog/hollywood-hacking-scenes-we-loved-tradecraft-tuesday-recap,JupyterHub / Open OnDemand,What Hollywood Movies Get Right (and Wrong) About Hacking,www.huntress.com,ok,,artifacts/txt/46c072fc3646f5959c76e66a3d6c10b6bbe6855e.txt
https://www.huntress.com/blog/huntress-microsoft-collaborate-to-boost-business-security,JupyterHub / Open OnDemand,Huntress Collabs with Microsoft to Boost Business Security,www.huntress.com,ok,,artifacts/txt/06ae92d4f359da2efc2140612271077a319655c5.txt
https://www.huntress.com/blog/how-proactive-account-review-uncovered-unauthorized-surveillance-tools,JupyterHub / Open OnDemand,Proactive Account Review Uncovers Unauthorized Surveillance Tools,www.huntress.com,ok,,artifacts/txt/9a89bd3a147b82a509471bc96804fa85a2a01087.txt
https://www.uptycs.com/blog/code-to-cloud-posture-management,JupyterHub / Open OnDemand,Code-to-Cloud Posture Management | Uptycs,www.uptycs.com,ok,,artifacts/txt/97fa0d1e0276659c42441d18ec210ffdf436572d.txt
https://www.huntress.com/blog/introducing-threat-simulator-from-huntress-managed-sat,JupyterHub / Open OnDemand,Introducing Threat Simulator for Better Employee Security Awareness Training. Start Your Trial Today.,www.huntress.com,ok,,artifacts/txt/01264795ed81360852a14808239809304f58c168.txt
https://www.huntress.com/blog/post-exploitation-activities-observed-from-samsung-magicinfo-9-server-flaw,JupyterHub / Open OnDemand,Post-Exploitation Activities Observed from the Samsung MagicINFO 9 Server Flaw,www.huntress.com,ok,,artifacts/txt/b13e1634ac7b97af8b2894d481b284bc000d133b.txt
https://www.huntress.com/blog/rapid-response-samsung-magicinfo9-server-flaw,JupyterHub / Open OnDemand,Rapid Response: Samsung MagicINFO 9 Server Flaw,www.huntress.com,ok,,artifacts/txt/599cedc9e3084a578eab12743e8ad4f13afd782f.txt
https://www.uptycs.com/blog/improved-uptycs-platform-ui,JupyterHub / Open OnDemand,Introducing the Improved Uptycs Platform UI,www.uptycs.com,ok,,artifacts/txt/af63cd443899cc51597b24891fc698568ccedc7a.txt
https://www.huntress.com/blog/protect-against-identity-threats-with-managed-itdr-and-rogue-apps,JupyterHub / Open OnDemand,"Identity Threats Got a Whole Lot Nastier, But So Did We",www.huntress.com,ok,,artifacts/txt/1da740ad263d514384334d09d023631722147768.txt
https://www.huntress.com/blog/why-app-allowlisting-and-zero-trust-solutions-alone-wont-save-you,JupyterHub / Open OnDemand,Why App Allowlisting and Zero Trust Solutions Alone Won’t Save You,www.huntress.com,ok,,artifacts/txt/673b6a903b39c58feb26bf3d8e566ac764844448.txt
https://www.uptycs.com/blog/uptycs-incident-response-detection-and-recovery,JupyterHub / Open OnDemand,Strengthening Incident Response: How Uptycs Enables End-to-End Visibility and Control,www.uptycs.com,ok,,artifacts/txt/3cf402534e79449a2561ca055827e7f3c073e003.txt
https://www.huntress.com/blog/scalable-edr-advanced-agent-analytics-with-clickhouse,JupyterHub / Open OnDemand,Scalable EDR Advanced Agent Analytics with ClickHouse,www.huntress.com,ok,,artifacts/txt/3e3af99a86b6f7d3efe920940244d6071c9a3641.txt
https://www.huntress.com/blog/never-just-one-termite-6-months-of-researching-oauth-application-attacks,JupyterHub / Open OnDemand,6 Months of Researching OAuth Application Attacks | Huntress,www.huntress.com,ok,,artifacts/txt/4cdd5f9d869d7e94d3fec0b3efb69a69db60d3c3.txt
https://www.uptycs.com/blog/kubernetes-deployment-patterns-security,JupyterHub / Open OnDemand,Kubernetes Security: Flexible Deployment Patterns Guide,www.uptycs.com,ok,,artifacts/txt/de0cf10ce33e3503bee3d43a863e79963a1c4983.txt
https://www.huntress.com/blog/oh-auth-2-0-device-code-phishing-in-google-cloud-and-azure,JupyterHub / Open OnDemand,Device Code Phishing in Google Cloud and Azure | Huntress,www.huntress.com,ok,,artifacts/txt/2d46f96663cd1fa9844e8c80b4b678ba4e6bddca.txt
https://www.uptycs.com/blog/uptycs-gke-security-autopilot-kubernetes-protection,JupyterHub / Open OnDemand,Uptycs Container Security Platform Announces GKE Autopilot Compatibility for Enhanced GKE Security,www.uptycs.com,ok,,artifacts/txt/d835cfaa58bbab676d9e15f1ec4d67e1d3d9f680.txt
https://www.huntress.com/blog/make-your-microsoft-security-tools-come-to-life-with-huntress,JupyterHub / Open OnDemand,Make Your Microsoft Security Tools Come to Life With Huntress | Huntress,www.huntress.com,ok,,artifacts/txt/172bb21d871eacefaf06971ae428d4f67e8c9b3c.txt
https://www.huntress.com/blog/the-evolution-of-the-huntress-neighborhood-watch-program,JupyterHub / Open OnDemand,The Evolution of the Huntress Neighborhood Watch Program | Huntress,www.huntress.com,ok,,artifacts/txt/f38776edbd77cf2b32dd30a7feaf90a63ab38eaa.txt
https://www.huntress.com/blog/unmasking-the-central-villain-inside-adversary-in-the-middle-attacks,JupyterHub / Open OnDemand,Inside Adversary-in-the-Middle Attacks | Huntress,www.huntress.com,ok,,artifacts/txt/562d896f5db26914bf334db3a7e1de4c0a25c085.txt
https://www.huntress.com/blog/what-is-behavioral-analysis-in-cybersecurity,JupyterHub / Open OnDemand,What is Behavioral Analysis in Cybersecurity? | Huntress,www.huntress.com,ok,,artifacts/txt/92631e5870b282bb18cb3c111f4f5f97b2d98594.txt
https://www.huntress.com/blog/friendly-reminder-sat-can-be-enjoyable,JupyterHub / Open OnDemand,Friendly Reminder: SAT Can Be Enjoyable | Huntress,www.huntress.com,ok,,artifacts/txt/c593eec7466154f2e5dfe89df36b9a8428a7ed97.txt
https://www.huntress.com/blog/youre-the-why-behind-the-huntress-hub,JupyterHub / Open OnDemand,You’re the “Why” Behind the Huntress Hub | Huntress,www.huntress.com,ok,,artifacts/txt/8e7685ea06852973bf77e433129f7e881f44780f.txt
https://www.huntress.com/blog/unwanted-access-protecting-against-the-growing-threat-of-session-hijacking-and-credential-theft,JupyterHub / Open OnDemand,Unwanted Access: Protecting Against the Growing Threat of Session Hijacking and Credential Theft | Huntress,www.huntress.com,ok,,artifacts/txt/87131cdf1b947749c9e2592a58aa03008afa4444.txt
https://www.huntress.com/blog/dmxprotect-stop-drop-shut-malware-down-before-it-opens-up-shop,JupyterHub / Open OnDemand,"dmXProtect: Stop, Drop, Shut Malware Down",www.huntress.com,ok,,artifacts/txt/7e4e2173b37185e74112418402f2408e97238293.txt
https://krebsonsecurity.com/2025/09/the-ongoing-fallout-from-a-breach-at-ai-chatbot-maker-salesloft/,JupyterHub / Open OnDemand,The Ongoing Fallout from a Breach at AI Chatbot Maker Salesloft,krebsonsecurity.com,ok,,artifacts/txt/1e52bece87dc965c87ca29c9517fbaf5cea8d963.txt
https://www.bleepingcomputer.com/news/security/massive-calcio-sports-streaming-piracy-service-with-123m-yearly-visits-shut-down/,JupyterHub / Open OnDemand,Sports streaming piracy service with 123M yearly visits shut down,www.bleepingcomputer.com,ok,,artifacts/txt/870ac5164fb185de3de325ec6714f894d755d582.txt
https://www.darkreading.com/cyberattacks-data-breaches/hackers-sophisticated-impatient-good,JupyterHub / Open OnDemand,Hackers Are Sophisticated &amp; Impatient — That Can Be Good,www.darkreading.com,fail,HTTPError,
https://www.darkreading.com/cybersecurity-operations/public-file-leaks-azure-activedirectory-credentials,JupyterHub / Open OnDemand,JSON Config File Leaks Azure ActiveDirectory Credentials,www.darkreading.com,fail,HTTPError,
https://krebsonsecurity.com/2025/07/scammers-unleash-flood-of-slick-online-gaming-sites/,JupyterHub / Open OnDemand,Scammers Unleash Flood of Slick Online Gaming Sites,krebsonsecurity.com,ok,,artifacts/txt/9552f0b2a06b02726b332393e917f8071748e569.txt
https://www.huntress.com/blog/endpoint-detection-and-response-edr-under-the-hood,JupyterHub / Open OnDemand,What Endpoint Detection and Response (EDR) Looks Like Under the Hood | Huntress,www.huntress.com,ok,,artifacts/txt/ef94d208f5ebf014f29385a648d7158475957c82.txt
https://www.huntress.com/blog/going-the-distance-cyber-predictions-for-2023,JupyterHub / Open OnDemand,Going the Distance: Cyber Predictions for 2023 | Huntress,www.huntress.com,ok,,artifacts/txt/53ab5e5d1013f0ceb9041cf4be037fca1c03d843.txt
https://www.huntress.com/blog/macos-support-is-here,JupyterHub / Open OnDemand,macOS Support Is Here! | Huntress,www.huntress.com,ok,,artifacts/txt/b3deeeb7250bb3078912fb4e8e4c6b14989f0e03.txt
https://www.huntress.com/blog/introducing-the-huntress-neighborhood-watch-program,JupyterHub / Open OnDemand,Introducing the Huntress Neighborhood Watch Program | Huntress,www.huntress.com,ok,,artifacts/txt/561a7711d491e622bfaa1bf62e383060c86162c9.txt
https://www.huntress.com/blog/one-year-later-lessons-learned-from-the-colonial-pipeline-cyberattack,JupyterHub / Open OnDemand,One Year Later: Lessons Learned from the Colonial Pipeline Cyberattack | Huntress,www.huntress.com,ok,,artifacts/txt/fc85fb6ffabdc0938954ba7481eead8e90289488.txt
https://www.huntress.com/blog/a-day-in-the-life-of-a-security-researcher,JupyterHub / Open OnDemand,A Day in the Life of a Security Researcher | Huntress,www.huntress.com,ok,,artifacts/txt/7c85bb2880ba2c1a96c3c9778ae0f8febc953d01.txt
https://www.huntress.com/blog/targeted-apt-activity-babyshark-is-out-for-blood,JupyterHub / Open OnDemand,Targeted APT Activity: BABYSHARK Is Out for Blood | Huntress,www.huntress.com,ok,,artifacts/txt/1e1af076295b36b42f0e116b895639fd50779de8.txt
https://www.huntress.com/blog/a-recap-of-events-and-lessons-learned-during-the-kaseya-vsa-supply-chain-attack,JupyterHub / Open OnDemand,Lessons Learned During the Kaseya VSA Supply Chain Attack | Huntress,www.huntress.com,ok,,artifacts/txt/832fbd945be92362bda1fc32c06904dbc0e35517.txt
https://www.huntress.com/blog/cybersecurity-lessons-we-learned-from-hack-it-2020,JupyterHub / Open OnDemand,Cybersecurity Lessons We Learned from hack_it 2020 | Huntress,www.huntress.com,ok,,artifacts/txt/d8fc97131b85720414cc86bc57f5bbb9549cab6e.txt
https://www.zdnet.com/article/these-15-accessories-turned-my-airpods-into-my-ideal-workout-headphones/,JupyterHub / Open OnDemand,These $15 accessories turned my AirPods into my ideal workout headphones,www.zdnet.com,ok,,artifacts/txt/635d8d790618cdfc7c96236a0d42d0ed26f6ebea.txt
https://www.zdnet.com/article/7-most-exciting-tech-accessories-from-ifa-2025-and-that-you-can-actually-buy/,JupyterHub / Open OnDemand,7 most exciting tech accessories from IFA 2025 (and that you can actually buy),www.zdnet.com,ok,,artifacts/txt/85565ce27de093d4aa028b4a0f9a22d1d0ee265b.txt
https://www.zdnet.com/article/yes-you-can-run-windows-apps-on-linux-here-are-my-top-5-ways/,JupyterHub / Open OnDemand,"Yes, you can run Windows apps on Linux  - here are my top 5 ways",www.zdnet.com,ok,,artifacts/txt/cb31990aaba11604fcecd9249a26cf0a282ede2a.txt
https://www.huntress.com/blog/huntress-labs-to-host-hands-on-hacking-windows-training-for-msps-at-it-nation-afe8681c1192,JupyterHub / Open OnDemand,Huntress Labs to Host Hands-On “Hacking Windows” Training for MSPs at IT Nation,www.huntress.com,ok,,artifacts/txt/5514ffb71d26593ad9049eaddd87a64c000a495f.txt
https://www.huntress.com/blog/how-my-stubhub-account-got-hacked,JupyterHub / Open OnDemand,How My StubHub Account Got Hacked | Huntress,www.huntress.com,ok,,artifacts/txt/c752e4deaefb79d408638d6d04786604f20a0d8d.txt
https://www.bankinfosecurity.com/salesloft-drift-hack-claims-new-victims-in-tenable-qualys-a-29391,JupyterHub / Open OnDemand,"Salesloft Drift Hack Claims New Victims in Tenable, Qualys",www.bankinfosecurity.com,ok,,artifacts/txt/28673cfb2e8b558a428424b27d87852adb4aa05f.txt
https://www.bankinfosecurity.com/blogs/bridging-cybersecurity-biosecurity-threat-modeling-p-3932,JupyterHub / Open OnDemand,Bridging Cybersecurity and Biosecurity With Threat Modeling,www.bankinfosecurity.com,ok,,artifacts/txt/e65dbadb96a6301c3a14780841a5cfabd0f07229.txt
https://www.bankinfosecurity.com/ny-blood-center-says-data-was-stolen-in-january-attack-a-29390,JupyterHub / Open OnDemand,NY Blood Center Says Data Was Stolen in January Attack,www.bankinfosecurity.com,ok,,artifacts/txt/edadb807ec6e84042e9f9be0ca0ba19de73f1390.txt
https://www.bankinfosecurity.com/blogs/ot-security-when-shutting-down-option-p-3933,JupyterHub / Open OnDemand,OT Security: When Shutting Down Is Not an Option,www.bankinfosecurity.com,ok,,artifacts/txt/952f419fbdc69429406aa437a949eec03e8331a7.txt
https://blog.jupyter.org/jupyterlab-4-4-and-notebook-7-4-are-available-aca2782d4f3d?source=rss----95916e268740---4,JupyterHub / Open OnDemand,JupyterLab 4.4 and Notebook 7.4 are available!,blog.jupyter.org,ok,,artifacts/txt/a24859d10ccc741e9e475bd004aeb354e4f18a69.txt
https://blog.jupyter.org/exploring-open-access-art-using-the-deno-jupyter-kernel-da0ad084966e?source=rss----95916e268740---4,JupyterHub / Open OnDemand,Exploring Open Access Art Using the Deno Jupyter Kernel,blog.jupyter.org,ok,,artifacts/txt/c6b1dd76b0c4e5ca09c39d4483ed89d850a4eb3e.txt
https://blog.jupyter.org/jupyterlite-0-6-0-is-released-b4bc69bfc8f4?source=rss----95916e268740---4,JupyterHub / Open OnDemand,JupyterLite 0.6.0 is released!,blog.jupyter.org,ok,,artifacts/txt/12e0c4a0c92936f1260a10476c732fe421734aab.txt
https://blog.jupyter.org/c-in-jupyter-interpreting-c-in-the-web-c9d93542f20b?source=rss----95916e268740---4,JupyterHub / Open OnDemand,C++ in Jupyter — Interpreting C++ in the Web,blog.jupyter.org,ok,,artifacts/txt/9a898030eeca352839c89d0ace927ee3ba2cbd5f.txt
https://blog.jupyter.org/jupytercon-2025-c654a31a584e?source=rss----95916e268740---4,JupyterHub / Open OnDemand,JupyterCon 2025!,blog.jupyter.org,ok,,artifacts/txt/452017d287566237f1332ef8b86b3a38e6d634e8.txt
https://blog.jupyter.org/your-ideas-our-support-jupyter-community-call-for-funding-proposals-f4642590ae76?source=rss----95916e268740---4,JupyterHub / Open OnDemand,"Your Ideas, Our Support: Jupyter Community Call For Funding Proposals",blog.jupyter.org,ok,,artifacts/txt/99f04f25a259ba9885798b2e087b86fab15b47f5.txt
https://googleprojectzero.blogspot.com/2025/01/windows-exploitation-tricks-trapping.html,JupyterHub / Open OnDemand,Windows Exploitation Tricks: Trapping Virtual Memory Access (2025 Update),googleprojectzero.blogspot.com,ok,,artifacts/txt/f32006c60431647662d2542bda1a9fc36c22c1e6.txt
https://blog.jupyter.org/jupyter-community-workshops-are-back-3cca15d02975?source=rss----95916e268740---4,JupyterHub / Open OnDemand,Jupyter Community Workshops Are Back!,blog.jupyter.org,ok,,artifacts/txt/cd8702a3742767786873fc1b3b75f83ff511290f.txt
https://blog.jupyter.org/jupyter-community-call-september-2025-e4d2cfa3ea41?source=rss----95916e268740---4,JupyterHub / Open OnDemand,Jupyter Community Call: September 2025,blog.jupyter.org,ok,,artifacts/txt/48fe16c284401763c62b06d26b5b0209aee67a51.txt
https://blog.jupyter.org/jupyter-community-call-june-2025-2a34ba44ca13?source=rss----95916e268740---4,JupyterHub / Open OnDemand,Jupyter Community Call: June 2025,blog.jupyter.org,ok,,artifacts/txt/812f5c65719a5bc2d957634c223fec347d25f2e3.txt
https://isc.sans.edu/diary/rss/32262,JupyterHub / Open OnDemand,"From YARA Offsets to Virtual Addresses, (Fri, Sep 5th)",isc.sans.edu,ok,,artifacts/txt/8e640dfe0e097d3f6b9562d54e64a59f3bcecbf1.txt
